cell_barcode,r0.010,r0.120,r0.230,r0.340,r0.450,r0.560,r0.670,r0.780,r0.890,r1.000
ACC12_AGATCGTTCCTCTCGA,3,2,2,2,2,2,1,2,2,2
ACC12_GCTGCAGTCAAGTGTC,10,2,2,2,2,2,1,2,2,2
ACC12_TACACCCAGCCGATAG,4,2,2,2,2,2,1,2,2,2
ACC12_GCGTTTCAGCGAACTG,5,2,2,2,2,2,1,2,2,2
ACC12_TGTCAGAAGTTCACTG,2,2,2,2,2,2,1,2,2,2
ACC12_TTCCAATCAGAGGTAC,12,2,2,2,2,2,1,2,2,2
ACC12_TATTGGGGTGTGTGGA,5,2,1,0,2,2,1,0,2,2
ACC12_AGAACCTCAACAAAGT,1,2,2,2,2,2,1,2,2,2
ACC12_TTCAGGACAAAGAACT,4,2,2,2,2,2,1,2,2,2
ACC12_TAGATCGGTCCTCCAT,14,2,2,2,2,2,1,2,2,2
ACC12_GGTGTTACATCCGGCA,2,2,2,2,2,2,1,2,2,0
ACC12_AAGCGTTAGTGAGGCT,3,2,2,2,2,2,1,2,2,2
ACC12_ACAGAAAGTTCTCCCA,5,2,2,2,2,2,1,2,2,2
ACC12_TCTTTGATCGCAGTGC,0,2,2,2,2,2,1,2,2,2
ACC12_ATCACAGAGCGATGGT,2,2,2,2,2,2,1,2,2,2
ACC12_TGCCGAGAGTACCGGA,6,2,2,1,2,2,1,2,2,2
ACC12_AGGGTCCGTAACGGTG,2,2,2,2,2,1,0,0,2,0
ACC12_GCCATGGAGGGTGAGG,2,2,2,2,2,2,1,2,2,2
ACC12_ACACTGAAGAGGATGA,2,2,2,2,2,2,1,2,2,2
ACC12_ACTATTCTCTATCGCC,2,2,2,2,2,2,1,2,2,2
ACC12_GTATTGGAGTTTCGGT,0,2,2,2,2,2,1,2,2,2
ACC12_CCTAAGAAGAGTGTGC,6,2,2,2,2,2,1,2,2,2
ACC12_TGAGACTTCACACCGG,0,2,2,2,2,2,1,2,2,2
ACC12_ACGGTCGTCGAATCCA,12,2,2,2,2,2,1,2,2,2
ACC12_TGACAGTAGCGAGAAA,5,2,2,2,2,2,1,2,2,2
ACC12_TCATTGTCAGGACGAT,10,2,2,2,2,2,1,2,2,2
ACC12_AGTCTCCCAATACCCA,5,2,2,2,2,2,1,2,2,2
ACC12_CTGGACGTCCGAGATT,2,2,2,2,2,2,1,2,2,2
PBMAH3_CTGCTCACAGTCGAGA,2,0,1,1,1,0,0,0,0,0
ACC12_GCCAACGTCACCGCTT,5,2,2,2,2,2,1,2,2,2
ACC12_AGCCACGTCGTCCTCA,8,2,2,2,2,2,1,2,2,2
ACC12_CTCTGGTAGTCTGGTT,10,2,2,2,2,2,1,2,2,2
ACC12_GCAGCTGGTACTCGAT,1,2,2,2,2,2,1,2,2,2
ACC12_GCTGCAGGTGATAGAT,1,2,2,2,2,2,1,2,2,2
ACC12_GTCTCACTCTGGGCGT,5,2,2,2,2,2,1,2,2,2
ACC12_TTACGTTGTCAACCAT,5,2,2,2,2,2,1,2,2,2
ACC12_ATCCCTGCACCAACAT,0,2,2,2,2,2,1,2,2,2
ACC12_ACGTACACAGTTAGGG,3,2,2,2,2,2,1,2,2,2
ACC12_GTGGCGTGTGTTACAC,8,2,1,0,2,1,0,0,0,2
ACC12_CGTAATGTCAATGTCG,1,2,2,2,2,2,1,2,2,2
ACC12_TTTCATGTCGGCCCAA,5,2,2,2,2,2,1,2,2,2
ACC12_TTTGACTAGAGGTATT,4,2,2,2,2,2,1,2,2,2
ACC12_TCCCACAAGCTAATGA,2,2,2,2,2,2,1,2,2,2
ACC12_CATGGTATCAGTCCGG,0,2,2,2,2,2,1,2,2,2
ACC12_GTCGTAAGTTTAAGGA,12,2,2,2,2,2,1,2,2,2
ACC12_GGATGTTTCACTTTGT,8,2,2,2,2,2,1,2,2,2
ACC12_TATCTTGTCCGTTGAA,1,2,2,2,2,2,0,0,2,2
ACC12_ACATTTCGTTGAGTCT,9,2,2,2,2,2,1,2,2,2
ACC12_GAACACTGTGTGGACA,10,2,2,2,2,2,1,2,2,2
ACC12_GAGTGAGAGACTAAGT,7,2,2,2,2,2,1,2,2,2
ACC12_GAATAGATCTCTCTAA,10,2,2,2,2,2,1,2,2,2
ACC12_CAACAACGTAGACAAT,3,2,2,2,2,2,1,2,2,2
ACC12_CCGATCTAGTAGATCA,0,2,2,0,2,2,1,2,2,2
ACC12_GGGTTTAGTGTGAATA,0,0,0,2,0,2,0,0,2,0
ACC12_CTGTAGAGTGTCCAAT,2,2,2,2,2,2,1,2,2,2
ACC12_TTTCATGAGTGTCATC,2,2,2,2,2,2,1,2,2,2
ACC12_GCCCGAAAGATTGGGC,5,2,2,2,2,2,1,2,2,2
ACC12_AAAGTGACAAGCGCAA,14,2,2,2,2,2,1,2,2,2
ACC12_CATCGTCGTGAACCGA,5,2,2,2,2,2,1,2,2,2
ACC12_TTGGGATCACACACGC,11,2,2,2,2,2,1,2,2,2
ACC12_TCGACGGGTCTAGGCC,0,0,0,2,0,2,0,2,0,2
ACC12_GAAGAATTCTAGAGCT,2,2,2,2,2,2,1,2,2,2
ACC12_GGACGTCTCGAGTCTA,6,2,2,2,2,2,0,0,2,2
ACC12_ATTCTACAGTCGCCCA,4,2,2,2,2,2,1,2,2,2
ACC12_AGATCCATCGCATTAG,0,2,2,2,2,2,1,2,2,2
ACC12_AGGTTGTGTTAGTTCG,4,2,2,2,2,2,1,2,2,2
ACC12_GGTTAACTCTAGTCAG,4,2,2,2,2,2,1,2,2,2
ACC12_CTCTCAGGTGTCATTG,1,2,2,2,2,2,1,2,2,2
ACC12_GAGTTGTTCTTCGTAT,4,2,2,2,2,2,1,2,2,2
ACC12_GTTGCGGTCACTTGTT,6,2,2,2,2,2,1,2,2,2
ACC12_GGGACAAAGCGGCTCT,9,2,2,2,2,2,1,2,2,2
ACC12_TTGCCTGTCGCAACAT,2,2,2,2,2,2,1,2,2,2
ACC12_TACGGGCCAAACTAGA,9,2,2,2,2,2,1,2,2,2
ACC12_TTTACGTCACACGTGC,10,0,2,2,0,2,1,2,2,2
ACC12_CTAACTTGTAGGTAGC,3,0,0,1,1,1,0,1,1,1
ACC12_GTGCTGGCAATTGCTG,2,2,2,2,2,2,1,2,2,2
ACC12_GTCATGACAAGGCCTC,8,2,2,2,2,2,1,2,2,2
ACC12_TCGCTTGTCCGAACGC,5,2,2,2,2,2,1,2,2,2
ACC12_CTAAGTGGTGGACCAA,2,2,2,2,2,2,1,2,2,2
ACC12_AGCGTCGGTCCAAATC,5,2,2,2,2,2,1,2,2,2
ACC12_TCGAAGTCACACCGCA,2,2,2,0,2,2,1,2,2,2
ACC12_CAATTTCGTCTCGGGT,10,2,2,2,2,2,1,2,2,2
ACC12_CAATACGCAAGTCGTT,12,2,2,2,2,2,1,2,2,2
ACC12_GGTAACTGTGAGACGT,9,2,2,2,2,2,1,2,2,2
ACC12_TATTCCACAACAAAGT,3,2,2,2,2,2,1,2,2,2
ACC12_TACGGTACACTACTTT,7,0,2,2,2,2,1,2,2,2
ACC12_AACAACCTCAACACGT,4,2,2,2,2,2,1,2,2,2
ACC12_TGTTACTTCCAAACCA,0,2,2,0,0,0,0,0,0,0
ACC12_GTAGATCCATTGTCGA,5,2,2,2,2,2,1,2,2,2
ACC12_TCGACCTTCCAACCAA,4,2,2,2,2,2,1,2,2,2
ACC12_ATCGATGCACTATCGA,8,1,2,2,2,2,1,2,2,2
ACC12_GGGTGAATCGCTGTTC,3,2,2,2,2,2,1,0,2,2
ACC12_CGAAGGATCTTGGAAC,1,2,2,2,2,2,1,2,2,2
ACC12_TGTAGACTCAAGTAAG,0,2,2,2,2,2,1,2,2,2
ACC12_AGGGTCCTCGGCAGTC,0,2,2,2,2,2,1,2,2,2
ACC12_TGTTCCGAGTGGCAGT,2,2,2,2,2,2,1,2,2,2
ACC12_GAAGTAATCATTTACC,4,2,2,2,2,2,1,2,2,2
ACC12_TTCGCTGAGCCTTGAT,2,2,2,2,2,2,1,2,2,2
ACC12_GGGTCACTCAGTCTTT,4,2,2,2,2,2,1,2,2,2
ACC12_GATCGTATCAGAGTGG,0,2,2,2,2,2,1,2,2,2
ACC12_GAGTTACAGAGAATCT,1,2,2,2,2,2,1,2,2,2
ACC12_TTGCCTGCATACTGTG,5,2,2,2,2,2,1,2,2,2
ACC12_ACGTTCCTCGTACACA,2,2,2,2,2,2,1,2,2,2
ACC12_CATACCCTCAGCTAGT,0,2,2,2,2,2,1,2,2,2
ACC12_ACTTAGGGTGCGTTTA,2,2,2,2,2,2,1,2,2,2
ACC12_GCATCGGTCCTAACAG,4,2,2,2,2,2,1,2,2,2
ACC12_TTCCTTCGTCCAAGAG,5,2,2,2,2,2,1,2,2,2
ACC12_AAGTCGTGTTCAAAGA,0,2,2,2,2,2,1,2,2,2
ACC12_GTTAGTGCATTCTTCA,10,2,2,2,2,2,1,2,2,2
ACC12_GAGCCTGCATCTCCCA,3,2,2,2,2,2,1,2,2,2
ACC12_TTTCACAGTCGAGCAA,10,2,2,2,2,2,1,2,2,2
ACC12_CTTTCGGCACGCACCA,4,2,2,2,2,2,1,2,2,2
ACC12_CCTGCATAGGTCGTCC,7,0,2,0,2,1,0,2,0,0
ACC12_TTCTTCCGTGGTCTTA,12,2,2,0,2,2,0,0,0,0
ACC12_TCGGTCTCATAAGATG,2,0,0,1,0,0,0,0,0,0
ACC12_CCTCATGCACGCTGAC,0,2,2,2,2,2,1,2,2,2
ACC12_CATACTTTCTACCAGA,0,2,2,2,2,2,1,2,2,2
ACC12_ACGGAAGCACGTAACT,2,2,2,2,2,2,1,2,2,2
ACC12_TTAGGCAGTTGGATCT,1,2,2,2,2,2,1,2,2,2
ACC12_TGTGTGATCATTACCT,5,2,2,2,2,2,1,2,2,2
ACC12_TCCTAATCAGACCATT,8,2,2,2,2,2,1,2,2,2
ACC12_CCATCACGTAGGAGGG,2,2,2,2,2,2,1,2,2,2
ACC12_GTAAGTCAGTCAGCGA,1,2,2,2,2,2,1,2,2,2
ACC12_GGGACTCTCGGCCTTT,2,2,2,2,2,2,1,2,2,2
ACC12_GTCATGAGTAACTTCG,0,2,2,2,2,2,1,2,2,2
ACC12_GAATCGTGTGGACCAA,2,2,2,2,2,2,1,2,2,2
ACC12_TCGGGTGCACATCCCT,3,2,2,2,2,2,1,2,2,2
ACC12_ACGTACAAGTTCACTG,13,0,0,0,0,0,0,0,0,2
ACC12_CGTTAGACATCGGCCA,8,2,2,2,2,2,1,2,2,2
ACC12_GATGACTTCGCCACTT,13,2,2,2,2,2,1,2,2,2
ACC12_CATGGATGTCAAGTTC,5,2,2,2,2,2,1,2,2,2
ACC12_TAATTCCCAACTCCCT,6,2,2,2,2,2,1,2,2,2
ACC12_CTCATGCTCTGCAGCG,14,2,2,2,2,2,1,2,2,2
ACC12_TAAGTCGTCGAAGAAT,8,2,2,2,2,2,1,2,2,2
ACC12_ATTACTCCATGACACT,4,2,2,2,2,2,1,2,2,2
ACC12_TTTCGATCATTCGATG,1,2,2,2,2,2,1,2,2,2
ACC12_ACTATTCCATTCTCTA,10,2,2,2,2,2,1,2,2,2
ACC12_TGGCGTGTCCTACTGC,3,2,2,0,2,2,1,2,2,2
ACC12_ACATCGATCAGGTAAA,0,2,2,2,2,2,1,2,2,2
ACC12_GATAGAAGTACAGAGC,0,2,2,2,2,2,1,2,2,2
ACC12_AATCACGAGTTAGTGA,7,2,0,0,0,2,0,0,0,2
ACC12_CTTTCGGGTCCAGCAC,5,2,2,2,2,2,1,2,2,2
ACC12_GGGTGTCGTAGAGGAA,0,2,2,2,2,2,1,2,2,2
ACC12_CCACTTGGTGATCATC,14,2,2,2,2,2,1,2,2,2
ACC12_GGTTGTAAGCCTTTGA,2,1,2,2,2,2,1,2,2,2
ACC12_CACAGGCAGCTAATGA,8,2,2,2,2,2,1,2,2,2
ACC12_TGTTCATAGCCTATTG,2,2,2,2,2,2,1,2,2,2
ACC12_GGCTTTCTCTATCGGA,5,2,2,2,2,2,1,2,2,2
ACC12_TTCACGCCACCCTGTT,0,2,2,2,2,2,1,2,2,2
ACC12_TACCCGTAGCTAGATA,4,2,2,2,2,2,1,2,2,2
ACC12_AGTGTTGGTGTGTACT,4,2,2,2,2,2,1,2,2,2
ACC12_GGGAGTACAGCATCTA,4,2,2,2,2,2,1,2,2,2
ACC12_TCTATACCAGGTTACT,5,2,2,1,2,2,1,2,2,2
ACC12_TATCCTAAGGATGCGT,13,2,2,2,2,2,1,2,2,2
ACC12_AGACAAAAGATAACAC,12,2,2,2,2,2,1,2,2,2
ACC12_AGTCAACGTATGAGAT,0,2,0,0,0,2,0,0,0,2
ACC12_TTCATGTCACACTTAG,3,2,2,2,2,2,1,2,2,2
ACC12_TACTGCCAGCTCTATG,2,2,2,2,2,2,1,2,2,2
ACC12_GAAACCTTCTCTAGGA,7,2,2,2,2,2,1,2,2,2
ACC12_AGACTCATCGCTCTAC,5,2,2,2,2,2,1,2,2,2
ACC12_CGAGAAGCAGGTCCGT,3,2,2,2,2,2,1,2,2,2
ACC12_TTCTGTATCTCACGAA,7,2,2,2,2,2,1,2,2,2
ACC12_TGATGCAAGGATACCG,5,2,2,2,2,2,1,2,2,2
ACC12_TGTTCTAGTGGCTAGA,2,2,2,2,2,2,1,2,2,2
ACC12_TTCTAACTCTTGGGCG,0,2,2,0,2,2,1,2,2,2
ACC12_ATTCACTAGTCCCGAC,5,2,2,2,2,2,1,2,2,2
ACC12_CTTAGGAAGGGAGGGT,11,0,0,0,0,2,0,0,0,0
ACC12_TTGTGTTGTCTCAAGT,3,2,2,2,2,2,1,2,2,2
ACC12_CTACCTGCAAGTCCCG,4,2,2,2,2,2,1,2,2,2
ACC12_CTGCGAGTCGAGTGGA,0,2,2,2,2,2,1,2,2,2
ACC12_GCCCAGATCACCGACG,0,2,2,2,2,2,1,2,2,2
ACC12_GTGTGGCGTGTAAATG,10,2,2,2,2,2,1,2,2,2
ACC12_CTCCCTCCATGACACT,0,2,2,2,2,2,1,2,2,2
ACC12_TCACAAGCACAAGCTT,0,2,2,2,2,2,1,2,2,2
ACC12_TGAGGTTTCCACAGCG,8,2,2,2,2,2,1,2,2,2
ACC12_GGGCTCACACTGGCCA,5,2,2,2,2,2,1,2,2,2
ACC12_TAGCACATCACCATAG,9,2,2,2,2,2,1,2,2,2
ACC12_TTGAACGGTCATAAAG,10,2,2,2,2,2,1,2,2,2
ACC12_AAGTACCGTATGGGAC,8,2,2,2,2,2,1,2,2,2
ACC12_CACGTGGCACCTCTGT,1,2,2,2,2,2,1,2,2,2
ACC12_CATACAGAGCACTCAT,0,2,2,2,2,2,1,2,2,2
ACC12_AGCTTCCTCTCTGCCA,10,2,2,2,2,2,1,2,2,2
ACC12_CCCTAACCACAAATGA,4,2,2,2,2,2,1,2,2,2
ACC12_TACAGGTTCAGGCGAA,11,2,2,2,2,2,1,2,2,2
ACC12_TGCAGGCTCCGTACGG,10,2,2,2,2,2,1,2,2,2
ACC12_GGAACCCTCCCATTTA,14,2,2,2,2,2,1,2,2,2
ACC12_GCTACAATCACAAGAA,5,2,2,2,2,2,1,2,2,2
ACC12_AGTGACTGTAACGGTG,10,2,2,2,2,2,1,2,2,2
ACC12_CTCTGGTTCGCTTAAG,13,2,2,2,2,2,1,2,2,2
ACC12_CACGAATTCCTATGGA,12,2,2,2,2,2,1,2,2,2
ACC12_TTACCATAGTGAGGCT,0,2,2,2,2,2,1,2,2,2
ACC12_CCGTAGGCAAACGGCA,8,2,2,2,2,2,1,2,2,2
ACC12_ACTTTCAGTCAGTTTG,2,2,2,2,2,2,1,2,2,2
ACC12_TTGCCTGCATGGGAAC,12,2,2,2,2,2,1,2,2,2
ACC12_TGTGCGGAGGAAGAAC,4,2,2,2,2,2,1,2,2,2
ACC12_CCCTCTCCATGTTCAG,1,2,2,2,2,2,1,2,2,2
ACC12_TTCATGTCATTCACCC,7,2,2,2,2,2,1,2,2,2
ACC12_GCACTAATCTATACTC,0,2,1,2,0,2,1,0,2,2
ACC12_CTACCCAGTCTGATAC,3,2,2,2,2,2,1,0,0,0
ACC12_TCCAGAAGTAACTAAG,1,2,2,2,2,2,1,2,2,2
ACC12_GTCAGCGAGTTGGCGA,5,2,2,2,2,2,1,2,2,2
ACC12_CATCGCTAGCGATGAC,2,2,2,0,0,2,0,0,2,2
ACC12_CTCTCGATCTTCGGTC,0,2,2,2,2,2,1,2,2,2
ACC12_TTGTTCAAGGGTAGCT,4,2,2,2,2,2,1,2,2,2
ACC12_ACTTTCAGTAGCGTTT,13,2,2,2,2,2,1,2,2,2
ACC12_ACCCTCAAGTATGCAA,4,2,2,2,2,2,1,2,2,2
ACC12_GGGACTCTCGACGCTG,0,2,2,2,2,2,1,2,2,2
ACC12_ATGCGATGTGACACGA,0,2,2,2,2,2,1,2,2,2
ACC12_CATTCCGAGGTCCTGC,2,2,2,2,2,2,1,2,2,2
ACC12_CCGGTAGCAATGAACA,5,2,2,2,2,2,1,2,2,2
ACC12_CTCTGGTAGATCGCCC,1,2,2,0,0,2,0,0,2,2
ACC12_GTCTTTATCTTGAACG,3,2,2,2,2,2,1,2,2,2
ACC12_TCGCTCATCAACTTTC,5,2,2,2,2,2,1,2,2,2
ACC12_CTCAATTCACGGATCC,4,2,0,0,0,2,0,0,0,2
ACC12_TTTAGTCAGAGTATAC,6,2,2,2,2,2,1,2,2,2
ACC12_CATCCGTTCCTCTTTC,5,2,2,0,0,2,1,2,0,2
ACC12_ACTTAGGAGGTCGCCT,11,2,2,2,2,2,1,2,2,2
ACC12_AGGAGGTCACTAACGT,6,2,2,2,2,2,1,2,2,2
ACC12_TTGGTTTAGTGACCTT,13,2,2,2,2,2,1,2,2,2
ACC12_GATCACAAGCGGATCA,2,2,2,2,2,2,1,2,2,2
ACC12_AGGATCTTCCAGTTCC,4,2,2,2,2,2,1,2,2,2
ACC12_TACGTCCGTGGAATGC,10,2,1,2,2,2,1,2,2,2
ACC12_CAATGACCACAAAGTA,10,2,2,2,2,2,1,2,2,2
ACC12_AGGACTTTCTAGCATG,4,2,2,2,2,2,1,2,2,2
ACC12_TTATTGCAGAGTCCGA,4,2,2,2,2,2,1,2,2,2
ACC12_CATGGTAGTACTGTTG,1,2,0,0,0,0,0,0,0,0
ACC12_TGATGCAAGTCACTGT,2,2,0,2,2,0,1,0,0,2
ACC12_TTTGATCTCCGCACTT,5,2,2,2,2,2,1,2,2,2
ACC12_CACGTGGTCATGCCGG,0,2,2,2,2,2,1,2,2,2
ACC12_TACCGAACATCCGTTC,0,2,2,2,2,2,1,2,2,2
ACC12_ACGGTTACATAGATGA,0,2,2,2,0,2,0,2,2,2
ACC12_AGGGTCCAGGTTAAAC,8,2,2,2,2,2,1,2,2,2
ACC12_GTTCATTTCATCGCCT,10,2,2,2,2,2,1,2,2,2
ACC12_CCGGGTAAGCGATGCA,2,2,2,2,2,2,1,2,2,2
ACC12_TCAAGCAAGAATGTTG,2,2,2,2,2,2,1,2,2,2
ACC12_TCATGTTCAGTCCCGA,10,2,2,2,2,2,1,2,2,2
ACC12_TATTGGGGTAGCGATG,4,2,2,2,2,2,1,2,2,2
ACC12_CACATGAAGTTGCCCG,2,2,2,2,2,2,1,2,2,2
ACC12_TATCAGGTCTCCCTAG,1,0,2,2,2,2,1,2,0,0
ACC12_CAGTGCGTCCCTGTTG,8,2,2,2,2,2,1,2,2,2
ACC12_GTGCGTGCAGCCTATA,11,2,2,2,2,2,1,2,2,2
ACC12_GTCACTCAGCAATTCC,2,2,2,2,2,2,1,2,2,2
ACC12_CTCCACACACTTCAGA,2,2,2,2,2,2,1,2,2,2
ACC12_TAACTTCAGCGTCGAA,2,2,2,2,2,2,1,2,2,2
ACC12_GAAGCGACAAGAATGT,0,2,2,2,2,2,1,2,2,2
ACC12_ATCGGATGTGTGTACT,10,2,2,2,2,2,1,2,2,2
ACC12_CGGGTGTTCATACGAC,14,2,2,2,2,2,1,2,2,2
ACC12_ACCTACCGTGCCGTAC,0,2,2,2,2,2,1,2,2,2
ACC12_GGGCGTTGTTCATCTT,4,2,2,2,2,2,1,2,2,2
ACC12_AGTAGTCAGTGGACTG,2,2,2,2,2,2,1,2,2,2
ACC12_CTCCTCCTCCTGGGTG,6,2,2,0,0,2,0,2,2,2
ACC12_ACGGTTACACGACGAA,2,2,2,2,2,2,1,2,2,2
ACC12_TATTGCTCACAACGTT,8,2,2,2,2,2,1,2,2,2
ACC12_AGCGTATAGCATTTCG,2,2,2,2,2,2,1,2,2,2
ACC12_GTAACACAGGTAATCA,3,2,2,2,2,2,1,2,2,2
ACC12_TCATTGTTCAACTACG,8,2,1,2,2,2,1,2,2,2
ACC12_ATCGATGCAATGGGTG,12,2,0,2,2,2,1,2,2,2
ACC12_GAAGAATGTAAGGCCA,3,2,2,2,2,2,1,2,2,2
ACC12_CTAGACAAGCATGATA,5,2,2,2,2,2,1,2,2,2
ACC12_TTTCATGGTCCAACGC,3,2,2,2,2,2,1,2,2,2
ACC12_GCTGCAGGTACAGGTG,2,2,2,2,2,2,1,2,2,2
ACC12_AGGTCATTCGGTCTAA,1,2,2,2,2,2,1,2,2,2
ACC12_CATCCACCAGCGATTT,5,2,2,2,2,2,1,2,2,2
ACC12_ACCTGTCGTAAGTTGA,0,2,2,2,2,2,1,2,2,2
ACC12_CTCCGATTCATCCTAT,5,2,2,2,2,2,1,2,2,2
ACC12_AGTAGCTGTGACAGCA,12,2,2,2,2,2,1,2,2,2
ACC12_CGAGGAAAGGGCAGTT,10,2,2,2,2,2,1,2,2,2
ACC12_TAATCTCCAATTCACG,5,2,2,2,2,2,1,2,2,2
ACC12_AGACCATGTGGCATCC,4,0,1,0,1,0,0,1,1,1
ACC12_TACCTGCTCGCGCTGA,10,0,2,2,2,2,1,2,2,2
ACC12_ATTACCTTCCGGGACT,4,2,2,2,2,2,1,2,2,2
ACC12_AGTTCGATCATCGCTC,5,2,2,2,2,2,1,2,2,2
ACC12_CCGATCTGTATACGGG,7,2,2,2,2,2,1,2,2,2
ACC12_CTAACCCGTCAGATTC,1,2,2,2,2,2,1,2,2,2
ACC12_GACGCTGCAAGATCCT,10,0,0,0,2,0,0,0,0,0
ACC12_CCTACGTGTGTTTACG,5,2,2,2,2,2,1,2,2,2
ACC12_CGAGTGCAGGCCCAAA,5,2,2,2,2,2,1,2,2,2
ACC12_CGGGTGTTCGCCTATC,5,2,2,2,2,2,1,2,2,2
ACC12_TATTTCGGTCCACAGC,5,1,1,0,2,2,1,0,2,2
ACC12_GAGCTGCAGTTGCTCA,4,2,2,2,2,2,1,2,2,2
ACC12_CGCGTGATCCCAGCGA,2,2,2,2,2,2,1,2,2,2
ACC12_GTTGAACAGAGAATCT,0,2,2,2,2,2,1,2,2,2
ACC12_CGTCAAAGTGATACAA,2,2,2,2,2,2,1,2,2,2
ACC12_GCCGTGAAGTTGGCGA,4,2,2,2,2,2,1,2,2,2
ACC12_GTGGAAGTCATTCTTG,8,2,2,2,2,2,1,2,2,2
ACC12_TCATGGAAGAGTTGTA,2,2,2,2,2,2,1,2,2,2
ACC12_GCCATTCAGTCAAGCG,2,2,2,2,2,2,1,2,2,2
ACC12_CGGGTCATCTGTTCAT,2,2,2,0,0,0,1,2,2,2
ACC12_CGCCATTGTCTTACTT,2,2,2,2,2,2,1,2,2,2
ACC12_TCAAGTGAGTCTTGGT,2,2,2,2,2,2,1,2,2,2
ACC12_TCACTCGGTTGTAGCT,8,2,2,2,2,2,1,2,2,2
ACC12_GTCATTTCATGTGCTA,3,2,2,2,2,2,1,2,2,2
ACC12_CTAACCCCAGGTACGA,8,2,2,2,2,2,1,2,2,2
ACC12_AGACAGGCACCTGATA,8,2,2,2,2,2,1,2,2,2
ACC12_AGCGTATAGTAACGAT,3,2,2,2,2,2,1,2,2,2
ACC12_GTGAGTTAGCTGCGAA,4,2,2,2,2,2,1,2,2,2
ACC12_GCGTGCAGTTGACTAC,0,2,2,2,2,2,1,2,2,2
ACC12_GTTTGGAAGACGTCCC,10,2,2,2,2,2,1,2,2,2
ACC12_TTCCTAACAGCTCATA,4,2,2,2,2,2,1,2,2,2
ACC12_CACAACATCTTACCAT,2,2,2,2,2,2,1,2,2,2
ACC12_CTCAGTCCATGATGCT,0,2,2,2,2,2,1,2,2,2
ACC12_CATCGGGCAAGAATGT,3,1,2,0,0,2,0,0,0,0
ACC12_CTAACTTGTGCAGATG,1,2,2,2,2,2,1,2,2,2
ACC12_AAGAACAGTTGGGTTT,2,2,2,2,2,2,1,2,2,2
ACC12_CCCTTAGTCGGTAGAG,10,2,2,2,2,2,1,2,2,2
ACC12_CTGCGAGAGCCATCCG,2,2,2,2,2,2,1,2,2,2
ACC12_TAGACCAGTCATGCAT,5,2,2,2,2,2,1,2,2,2
ACC12_ACGTAACTCCCATAGA,2,2,2,2,2,2,1,2,2,2
ACC12_GGGTCACAGCGACATG,4,2,2,2,2,2,1,2,2,2
ACC12_AGCTACACAACTGGTT,13,2,2,2,2,2,1,2,2,2
ACC12_CACGTGGAGGGATGTC,14,2,2,2,2,2,1,2,2,2
ACC12_GTGGTTAAGATGGTCG,3,2,2,2,2,2,1,2,2,2
ACC12_AGGACTTAGATAGCAT,2,2,2,2,2,2,1,2,2,2
ACC12_TTCACGCAGTCTACCA,10,0,1,0,1,2,0,0,0,0
ACC12_GTTATGGAGTAGCCAG,4,2,2,2,2,2,1,2,2,2
ACC12_AACCTTTGTGTTAGCT,2,2,2,2,2,2,1,2,2,2
ACC12_CGTTGGGAGTGATCGG,2,2,2,2,2,2,1,2,2,2
ACC12_GAAGGGTTCGTCCTCA,12,2,2,2,2,2,1,2,2,2
ACC12_ACTTCGCCAGTCCGTG,4,2,2,2,2,2,1,2,2,2
ACC12_GAGGCCTCACTTGTGA,12,2,2,2,2,2,1,2,2,2
ACC12_TATACCTTCATCACTT,5,0,2,1,0,0,0,2,0,2
ACC12_CTCTCAGTCAAGTCGT,9,2,2,2,2,2,1,2,2,2
ACC12_CCACACTGTATGAAGT,4,2,2,2,2,2,1,2,2,2
ACC12_GGGCCATTCTCGGTAA,2,2,2,2,2,2,1,2,2,2
ACC12_TAGACCAAGATTGAGT,4,2,2,2,2,2,1,2,2,2
ACC12_CAGCCAGAGTTCCATG,2,2,2,2,2,2,1,2,2,2
ACC12_AACGTCAGTTGAGGAC,10,2,2,2,2,2,1,2,2,2
ACC12_CAAGACTTCTCTGCCA,0,2,2,2,0,2,0,2,2,2
ACC12_CCGGTAGAGCTCCATA,9,2,2,2,2,2,1,2,2,2
ACC12_AGACACTGTTGCAAGG,13,2,2,2,0,2,1,2,2,2
ACC12_GATGGAGCAGAGAGGG,4,2,2,2,2,2,1,2,2,2
ACC12_CAGATCATCGGTCGGT,2,2,2,2,2,2,1,2,2,2
ACC12_AATCGACTCATCAGTG,2,2,2,2,2,2,1,2,2,2
ACC12_CTAAGTGGTCCAGAAG,10,2,2,2,2,2,1,2,2,2
ACC12_CAGTTCCGTAGGGAGG,2,2,2,2,2,2,1,2,2,2
ACC12_GTGTAACGTGCTCTTC,2,2,2,2,2,2,1,2,2,2
ACC12_CTTCCTTTCGTACACA,0,2,2,2,2,2,1,2,2,2
ACC12_AAGTTCGGTCAGATTC,10,2,2,2,0,0,0,0,0,2
ACC12_ATGCGATCAAGCGCTC,7,2,2,2,2,2,1,2,2,2
ACC12_AGTTCGATCGCTTGAA,2,2,2,2,2,2,1,2,2,2
ACC12_GTTCGCTCAAGTGTCT,10,2,2,2,2,2,1,2,2,2
ACC12_GAAATGATCGTTCTAT,3,2,2,2,2,2,1,2,2,2
ACC12_GACCCTTGTGGTAACG,4,2,2,2,2,2,1,2,2,2
ACC12_CCGTTCACATCAGCGC,10,2,2,2,2,2,1,2,2,2
ACC12_GGGATCCCATTGCTGA,0,2,2,2,2,2,0,2,2,2
ACC12_GAGTCATCACTTGTGA,10,2,2,2,2,2,1,2,2,2
ACA1_TTTGATCTCATTTGTC,1,1,0,0,0,0,0,0,0,0
ACC8a_AGGGTCCCAGACACCC,13,0,0,0,0,0,0,0,0,0
ACA2_TGATTTCTCATGCATG,8,0,0,0,0,0,0,0,0,0
NAd2_TGGCGTGTCACCTCGT,1,0,0,0,0,0,0,0,0,0
NAd4_GTCTGTCCATCAGTGT,2,0,0,0,0,0,0,0,0,0
NAd4_GTGTGGCCATTCTTCA,7,0,0,0,0,0,0,0,0,0
PBMAH4_AAGTCGTAGTTCTACG,9,1,0,0,0,0,0,0,0,0
ACC8b_GGGAGTACAATAACCC,1,0,0,0,0,0,0,0,0,0
PBMAH5_GAATCGTAGCCTCTCT,6,1,0,0,0,0,0,0,0,0
ACC8a_GTCTTTAAGTCCTGTA,0,1,0,0,0,0,0,0,0,0
NAd3_GGGTGTCGTCGAATTC,0,0,0,0,0,0,0,0,0,0
ACC8a_TGCATGACAGATCCAT,0,0,0,0,0,0,0,0,0,0
PBMAH3_TGTTGGACAACACACT,0,0,2,0,0,2,0,0,0,0
ACC8a_TCCTTTCTCGAGCCAC,1,0,0,0,0,0,0,0,0,0
ACC8b_ATTACCTGTGACTCGC,8,0,0,0,0,0,0,0,0,0
PBMAH4_CCAATTTCACGACTAT,11,0,0,0,0,0,0,0,0,0
ACC8b_CCACGTTTCTGATGGT,0,0,0,0,0,0,0,0,0,0
NAd1_ATTCATCGTACTTGTG,11,0,0,0,0,0,0,0,0,0
NAd4_ATCCCTGGTGGCTGCT,5,0,0,0,0,0,0,0,0,0
ACA4_TCGCAGGAGAAGCTGC,5,0,0,0,0,0,0,0,0,0
ACA2_TGTTCTAGTGCCTTCT,4,0,0,0,0,0,0,0,0,0
NAd1_GTGGGAAGTCAGTTTG,0,0,0,0,0,0,0,0,0,0
ACA2_TCGATTTCAATTCTTC,6,0,0,0,0,0,0,0,0,0
ACC8a_AACCTTTCAAGTGGGT,4,0,0,0,0,0,0,0,0,0
ACA4_TATTTCGTCGCATAGT,11,0,0,0,0,0,0,0,0,0
ACC11_TAGGAGGGTCGTTTCC,6,0,1,0,0,0,0,0,0,0
ACA2_TCAAGACCATACCGTA,6,1,0,0,0,0,0,0,0,0
PBMAH4_GTTGTGACAACCCTCT,9,1,0,0,0,0,0,0,0,0
ACC8a_ATTCTACGTATACGGG,8,0,0,0,0,0,0,0,0,0
PBMAH3_CTTCTAAGTCGATTTG,12,2,2,0,0,2,0,0,0,0
ACA3_TATGTTCGTCGAATTC,0,0,0,0,0,0,0,0,0,0
ACA4_CCTTGTGCATTGGCAT,6,0,0,0,0,0,0,0,0,0
PBMAH3_TTTACGTCAGAGAATT,7,2,0,0,0,0,0,0,0,0
PBMAH5_ACTCCCAGTGCATTAC,5,2,2,0,0,0,0,0,0,0
ACC8a_ACCCTTGTCCAAGCAT,3,0,0,0,0,0,0,0,0,0
PBMAH3_CGTGCTTCAATGAGCG,0,1,1,0,0,0,0,0,0,0
PBMAH1_TCAAGTGAGACTTAAG,11,0,0,0,0,0,0,0,0,0
ACA2_GAGAGGTGTTCTCACC,1,0,0,0,0,0,0,0,0,0
NAd1_TCGCTCAAGGATTTAG,9,0,0,0,0,0,0,0,0,0
ACA4_GTTAGACCACGACCTG,8,0,0,0,1,0,0,0,0,0
ACC4_CGAGGAACAACGGCTC,2,0,0,0,0,0,0,0,0,0
ACA2_GGTCTGGAGCAATTAG,12,0,0,0,0,0,0,0,0,0
PBMAH5_TCATGAGCATCCCGTT,4,1,1,0,1,0,0,0,0,0
ACC8a_TGTAAGCTCAAGAGGC,6,0,0,0,0,0,0,0,0,0
ACC8a_ACCACAACACCCTGAG,7,0,0,0,0,0,0,0,0,0
ACA3_TGGGCTGTCAATCCGA,0,0,0,0,0,0,0,0,0,0
ACC8a_AGCATCATCGATGCAT,6,0,0,0,0,0,0,0,0,0
ACC8a_CTCTGGTGTGCGTCGT,11,0,0,0,0,0,0,0,0,0
ACC8a_AAAGGGCCATAAGCAA,8,0,0,0,0,0,0,0,0,0
NAd1_GAGCTGCCAGCGTACC,7,0,0,0,0,0,0,0,0,0
PBMAH5_CTGGACGCACTTACAG,14,0,0,0,0,0,0,0,0,0
NAd4_GCACGTGAGCCAACCC,0,0,0,0,0,0,0,0,0,0
ACC8a_ATTCCCGAGACTTAAG,4,0,0,0,0,0,0,0,0,0
ACA1_GACGCTGTCTCCGATC,0,0,0,1,1,0,0,1,1,1
ACC8a_TAGTGCAAGTGCACCC,3,0,0,0,0,0,0,0,0,0
PBMAH3_CCGGGTATCCAAAGGG,6,1,0,0,0,0,0,0,0,0
ACA2_AGCTTCCCATAACAGA,11,1,1,0,0,0,0,0,0,0
NAd4_CTCATGCGTAGTGTGG,3,0,0,0,0,0,0,0,0,0
ACC8a_GTGAGCCGTCTTCAAG,7,0,0,0,0,0,0,0,0,0
ACC8a_TATTGGGGTGGTGATG,4,0,0,0,0,0,0,0,0,0
ACA7_TCACACCTCCTCAGAA,4,0,0,0,0,0,0,0,0,0
ACA8_CTCATCGGTACGGATG,1,0,0,0,0,0,0,0,0,0
ACC8b_TTACAGGTCACTTGGA,7,1,0,0,0,0,0,0,0,0
NAd4_CTTTCGGGTCGTTGGC,2,0,0,0,0,0,0,0,0,0
ACA8_CGAAGGACATGTTCAG,9,0,0,0,0,0,0,0,0,0
NAd1_GTGCACGCAGTGTGCC,4,0,0,0,0,0,0,0,0,0
PBMAH4_CTAGACACATGACTGT,5,0,0,0,0,0,0,0,0,0
ACA8_TGTTCTAAGTGACACG,0,0,0,0,0,0,0,0,0,0
ACC8a_GCAACATCAATGGCAG,5,0,0,0,0,0,0,0,0,0
NAd1_TTGCTGCCAATGTGGG,8,0,0,0,0,0,0,0,0,0
PBMAH4_CACATGAGTACGTAGG,1,0,0,0,0,0,0,0,0,0
ACA2_TTGAACGCAAATGGTA,1,0,0,0,0,0,0,0,0,0
PBMAH4_ATTTACCGTTCTCCCA,4,0,0,0,0,0,0,0,0,0
ACA3_CTACCTGCAACGGCCT,6,0,0,0,0,0,0,0,0,0
ACA6_CACTAAGTCGATTGGT,1,0,0,0,1,0,0,0,0,0
PBMAH5_GTCCTCATCGAATGCT,6,1,1,0,1,0,0,0,0,0
PBMAH1_CTCCATGTCTAACACG,1,0,0,0,0,0,0,0,0,0
ACC8a_CAGCAGCGTCATCTAG,5,0,0,0,0,0,0,0,0,0
ACC8b_GAGGGATGTAGCCAGA,11,0,1,0,0,0,0,0,0,0
ACA3_ACATCGATCCTTTGAT,3,0,0,0,0,0,0,0,0,0
ACC8b_TCCCAGTGTCACTTAG,6,1,0,0,0,0,0,0,0,0
NAd4_GTGGTTAAGATGGTCG,1,0,0,0,0,0,0,0,0,0
NAd4_TGTGAGTAGACAGCTG,1,0,0,0,0,0,0,0,0,0
ACC8b_AGCTCAATCGTAACCA,0,0,1,0,0,0,0,0,0,0
NAd3_ACAGAAACATGGAGAC,1,0,0,2,0,0,0,0,0,0
NAd4_GTGTTCCTCCCATTTA,10,0,0,0,0,0,0,0,0,0
NAd4_AACAGGGCACGGATCC,1,0,0,0,0,0,0,0,0,0
ACA1_CCGCAAGCACACCGAC,0,0,0,0,0,0,0,0,0,0
ACC8a_CTCCTCCAGCACTTTG,10,0,0,0,0,0,0,0,0,0
PBMAH5_ATAGACCTCTATACGG,0,0,0,0,0,0,0,0,0,0
PBMAH3_CTCCTTTGTTAGCGGA,1,2,1,0,0,2,0,0,0,0
ACC8b_ATCCGTCGTCAAAGTA,2,0,0,0,0,0,0,0,0,0
ACC8a_GCAGCTGAGCTAAATG,0,0,0,0,0,0,0,0,0,0
ACA7_GCTACAAAGTAGCATA,2,0,0,0,0,0,0,0,0,0
ACA1_CGAATTGTCCATCGTC,1,0,0,0,0,0,0,0,0,0
PBMAH4_ATTACCTAGTCACTGT,1,0,0,0,0,0,0,0,0,0
ACC8a_GGGTTTATCCTCTCGA,0,0,0,0,0,0,0,0,0,0
ACC1a_ACCTACCTCTCAGGCG,1,0,0,0,0,0,0,0,0,0
ACA4_GAGCTGCTCGAGAATA,5,0,0,0,0,0,0,0,0,0
ACC8a_GCTACAAGTATCCTCC,3,0,0,0,0,0,0,0,0,0
ACC8a_GAGCTGCGTATTCCTT,2,0,0,0,0,0,0,0,0,0
PBMAH5_TAAGCACAGAGTCACG,1,0,0,0,0,0,0,0,0,0
NAd4_CTCCGATGTGGTATGG,5,0,0,0,0,0,0,0,0,0
ACC1a_TTTACGTAGGAACATT,6,0,0,0,0,0,0,0,0,0
ACA4_CTATCTATCCTAACAG,3,0,0,0,0,0,0,0,0,0
PBMAH4_CTGCCTAGTATCTCGA,9,0,0,0,0,0,0,0,0,0
NAd1_GGCAGTCCATAAGCAA,12,0,0,0,0,0,0,0,0,0
PBMAH4_CAAGACTCAACGATTC,0,0,0,0,0,0,0,0,0,0
ACC8a_ATGAAAGGTGTGTGGA,3,0,0,0,0,0,0,0,0,0
NAd2_GTGAGCCAGCACACAG,2,0,0,0,0,0,0,0,0,0
ACA1_TCCTTTCCAGCCTATA,11,1,0,0,0,0,0,0,0,0
NAd1_ATACTTCAGGCTTAAA,0,0,0,0,0,0,0,0,0,0
ACC8a_AAAGGGCGTACACGTT,1,0,0,0,0,0,0,0,0,0
ACC8a_GGATGTTAGGTCGTCC,7,2,0,0,0,0,0,0,0,0
ACA1_AATAGAGAGGCACAAC,0,0,0,0,1,0,0,0,0,0
ACC8a_AGGTAGGCATTGACAC,10,0,0,0,0,0,0,0,0,0
NAd1_GTCTAGATCCGTCAAA,1,0,0,0,0,0,0,0,0,0
ACA6_TATTGCTAGCTTTGTG,3,0,0,1,1,0,0,0,0,0
NAd3_GGGACAACACAGACGA,0,0,0,0,0,0,0,0,0,0
ACA7_TCCATGCTCGCCATAA,10,1,0,0,0,0,0,0,0,0
ACA3_GCGTTTCAGAGTCAGC,0,0,0,0,0,0,0,0,0,0
ACA1_TCCTCTTAGGTTCCGC,4,0,1,0,0,0,0,0,0,0
ACC8a_GTTCGCTCACAAGTTC,3,0,0,0,0,0,0,0,0,0
NAd2_TCCGTGTTCATTCCTA,3,0,0,0,0,0,0,0,0,0
ACA3_GCCAGGTTCCAGTACA,9,1,1,1,1,1,0,1,1,1
ACA8_GCTTGGGTCTTACGGA,5,0,0,0,0,0,0,0,0,0
ACA1_GGTGTCGCAGTAACAA,14,0,0,0,0,0,0,0,0,0
ACA1_ACAAGCTCAGCGACCT,1,1,1,1,1,1,0,1,1,1
PBMAH3_GCACATAAGATCCCAT,0,2,2,2,2,2,1,2,2,2
ACA8_ACAACCACACAGAGAC,11,0,0,0,0,0,0,0,0,0
ACC8a_TGCAGTAGTCTTCATT,0,2,0,0,0,0,0,0,0,0
PBMAH4_GAACGTTGTGCCGAAA,8,1,0,0,0,0,0,0,0,0
ACA2_ACGATGTGTGGGATTG,3,0,0,0,0,0,0,0,0,0
ACC4_CTGTACCGTTTCGTTT,2,0,0,0,0,0,0,0,0,0
NAd4_TGGGAGAAGGCGAACT,9,0,0,0,0,0,0,0,0,0
PBMAH3_CTTGATTTCGTTCATT,2,0,2,0,0,1,0,0,0,0
ACA7_ACTGCAACACTTGGGC,1,2,2,2,0,0,0,0,0,0
NAd4_GGGATGAAGAGAGTGA,2,0,0,0,0,0,0,0,0,0
ACC8a_TTTCATGCATAGACTC,0,0,0,0,0,0,0,0,0,0
PBMAH4_TAGATCGTCCGAGTGC,6,0,0,0,0,0,0,0,0,0
ACC8a_GGGTGTCAGCATCGAG,3,0,0,0,0,0,0,0,0,0
PBMAH4_ATGGAGGTCTAGCCTC,1,0,0,0,0,0,0,0,0,0
NAd1_TTTCGATTCTCGAGTA,3,1,0,0,0,0,0,0,0,0
NAd3_TATTCCACAGACACCC,0,0,0,0,0,0,0,0,0,0
PBMAH1_CGATCGGGTTGGGAAC,10,0,0,0,0,0,0,0,0,0
ACA3_GGGATCCAGGAGAGTA,1,0,0,0,0,0,0,0,0,0
ACC8a_ATTCTTGCAGGTCAGA,11,1,1,0,0,0,0,0,0,0
ACC8a_TCGAAGTTCAGCGTCG,1,1,0,0,0,0,0,0,0,0
NAd1_TTACAGGAGGTTCTTG,1,0,0,0,0,0,0,0,0,0
NAd1_TTCATTGCAAGGAGTC,12,0,0,0,0,0,0,0,0,0
PBMAH5_AGTAGTCTCTGCGGAC,3,0,2,0,0,0,0,0,0,0
ACC13_ACATTTCCAACCGGAA,1,1,0,0,0,0,0,0,0,0
PBMAH5_ATGTCTTTCTTGGAAC,6,0,0,0,0,0,0,0,0,0
NAd1_TGCCGAGGTTGTCCCT,2,0,0,0,0,0,0,0,0,0
ACA2_CATCCCACAGGAATCG,0,1,1,0,0,1,0,0,0,0
ACC8a_CTCCGATTCCGTAATG,10,0,0,0,0,0,0,0,0,0
ACA2_TCATGAGTCGGCTGGT,9,0,0,0,0,0,0,0,0,0
ACA1_CATTCATAGTGATAGT,2,0,1,0,0,0,0,1,0,1
PBMAH6_ATCCCTGAGCTCCCTT,4,0,0,0,0,0,0,0,0,0
ACC8a_GGGTGAACACTGGATT,0,0,0,0,0,0,0,0,0,0
ACA1_ATTCCCGCACGCGCAT,8,1,0,0,0,0,0,0,0,0
PBMAH5_TCACGGGCACCGTGAC,4,1,0,0,0,0,0,0,0,0
PBMAH3_TTTCGATAGGTGCATG,2,2,2,2,0,2,0,0,0,0
ACA3_CACGGGTGTTTCGTGA,4,0,0,0,0,0,0,0,0,0
NAd1_GAGTTTGTCGACCACG,8,0,0,0,0,0,0,0,0,0
ACC8a_CTGGCAGTCTGTCCCA,3,0,0,0,0,0,0,0,0,0
PBMAH6_AAAGGATCAAGCACCC,4,0,0,0,0,0,0,0,0,0
PBMAH5_CTGCCTAGTTGCGTAT,0,0,0,0,0,0,0,0,0,0
NAd1_TGTCCACAGAAGTCCG,3,0,0,0,0,0,0,0,0,0
PBMAH4_CTTTCAAGTGACACGA,5,0,0,0,0,0,0,0,0,0
ACA4_CACGTTCGTCATCAGT,3,2,0,0,0,0,0,0,0,0
ACA1_CACTTCGTCCCGTAAA,1,1,1,0,1,0,0,0,1,1
ACA7_TGAGCGCTCACCATCC,11,0,0,0,0,0,0,0,0,0
PBMAH4_GTCATCCGTTCGGACC,11,1,0,0,0,0,0,0,0,0
ACC8a_CGGGTGTTCCTGTAAG,1,1,0,0,0,0,0,0,0,0
PBMAH3_GACTCTCTCTGTAACG,3,0,2,0,0,2,0,0,0,0
ACA8_TATTGGGTCTAACGGT,10,0,0,0,0,0,0,0,0,0
ACC1a_CTCAACCTCTACACTT,1,1,0,0,0,0,0,0,0,0
ACC8b_ACACTGAGTTCGATTG,1,0,0,0,0,0,0,0,0,0
ACC8a_GACTGATTCCTACCAC,4,0,0,0,0,0,0,0,0,0
ACC1a_ATTCGTTGTAACAGGC,1,0,0,0,0,0,0,0,0,0
ACA3_TTCCAATCAAGTGGGT,11,0,0,0,0,0,0,0,0,0
ACA3_GCTACCTCAACAAAGT,2,0,0,0,0,0,0,0,0,0
PBMAH5_CGGAATTTCCCGTAAA,6,0,0,0,0,0,0,0,0,0
ACC1a_TCGCACTGTTTGTTGG,8,1,0,0,0,0,0,0,0,0
PBMAH5_GGTCTGGTCACGTCCT,0,2,2,0,0,0,0,0,0,0
ACC8b_ATACCTTCAGAATTCC,6,0,0,0,0,0,0,0,0,0
ACC8a_TACGGTATCCATTGTT,0,0,0,0,0,0,0,0,0,0
ACC10_TTTACTGGTATCGTGT,1,1,1,0,1,1,0,1,0,1
PBMAH1_CATTGCCCAGGATCTT,2,0,0,0,0,0,0,0,0,0
ACA4_CCTCACACAGGATGAC,10,0,0,0,0,0,0,0,0,0
ACA4_AGTGTTGTCTATACTC,3,0,0,0,0,0,0,0,0,0
ACC8a_TCGTGCTGTGGGATTG,2,0,0,0,0,0,0,0,0,0
NAd4_GTTGCGGTCCACTGAA,0,0,0,0,0,0,0,0,0,0
ACC16_TGGTACATCGACACTA,0,2,2,2,2,2,0,0,0,2
PBMAH4_TCACACCTCCTGGGAC,1,0,0,0,0,0,0,0,0,0
NAd1_CTCCACAGTATCAGGG,1,0,0,0,0,0,0,0,0,0
NAd1_AAGCGTTAGATAACAC,0,0,0,0,0,0,0,0,0,0
PBMAH4_ATCCATTTCCATCAGA,2,0,0,0,0,0,0,0,0,0
ACA4_TCGACGGTCCTCTCGA,1,1,1,0,0,0,0,0,0,0
ACA2_AATGGCTTCGTGGTAT,4,1,1,1,0,0,0,0,0,0
PBMAH4_TTTCACATCGAATCCA,4,0,0,0,0,0,0,0,0,0
PBMAH5_CAGCGTGCAGCATTGT,12,0,0,0,0,0,0,0,0,0
ACC8b_CGACAGCCAAGACTGG,0,0,0,0,0,0,0,0,0,0
ACA7_CTTCTAATCTAATTCC,2,1,0,0,0,0,0,0,0,0
ACC1a_AGACACTGTCTAGGCC,6,0,0,0,0,0,0,0,0,0
PBMAH5_TAGGTACAGGTTCATC,6,0,0,0,0,0,0,0,0,0
ACA4_GAAGAATTCGGTGCAC,12,0,0,0,0,0,0,0,0,0
NAd1_ATACCGACACATAGCT,6,0,0,0,0,0,0,0,0,0
ACA3_TATCTGTTCAGCGGAA,13,1,1,1,1,1,0,1,1,1
ACC8b_AGGTCATAGCATTGAA,12,0,0,0,0,0,0,0,0,0
PBMAH2_ACCTACCGTGATACCT,8,2,2,2,2,2,1,2,2,2
NAd1_TTTCACAAGCAAACAT,8,0,0,0,0,0,0,0,0,0
ACA4_TGACAGTAGTAACGAT,11,0,0,0,0,0,0,0,0,0
ACA1_ATTCGTTAGTTTCGGT,5,0,0,0,0,0,0,0,0,0
ACA3_CGAGGAACAGGCCCTA,4,0,0,0,0,0,0,0,0,0
NAd1_GTCGCGACAAAGACTA,2,0,0,0,0,0,0,0,0,0
ACA4_CTGTGAAGTTGGTACT,0,0,0,0,0,0,0,0,0,0
ACC8b_ATTACCTCAAACAGGC,8,1,0,0,0,0,0,0,0,0
NAd2_AGGATCTCAAATCGGG,2,0,0,0,0,0,0,0,0,0
ACC8b_GAGTGAGCACACACGC,7,0,0,0,0,0,0,0,0,0
ACC8a_CCTCCTCTCTTCCGTG,3,0,0,0,0,0,0,0,0,0
ACC1a_GTGATGTGTGGCTGCT,1,0,0,0,0,0,0,0,0,0
ACA4_GTTACGAAGCTCCACG,7,0,0,0,0,0,0,0,0,0
ACA4_TCCTTTCAGATAGCTA,5,0,0,0,0,0,0,0,0,0
ACA2_ACTTAGGCAACAGATA,10,1,0,0,0,0,0,0,0,0
NAd2_GCTTGGGTCGGTATGT,2,0,0,0,0,0,0,0,0,0
PBMAH5_AGAGCCCAGGTTAAAC,3,0,0,0,0,0,0,0,0,0
PBMAH5_TACATTCCAGCGTTTA,1,1,1,1,1,0,0,0,0,0
ACC8a_GAGTGTTTCATTATCC,2,0,0,0,0,0,0,0,0,0
NAd4_TCACGGGGTTCGGCGT,3,0,0,0,0,0,0,0,0,0
ACC8a_GCGAGAAAGGGTAGCT,11,0,0,0,0,0,0,0,0,0
ACC8a_AAGTTCGTCTGGCCGA,13,1,0,0,0,0,0,0,0,0
ACC1a_TGCGGCACACGCTATA,1,0,0,0,0,0,0,0,0,0
ACC13_CATTGCCAGATGGCGT,14,2,0,0,0,2,0,0,0,0
ACA2_CAGCACGAGGTTTGAA,3,0,0,0,0,0,0,0,0,0
ACC1a_TGAGACTGTAGGACTG,1,1,1,0,0,0,0,0,0,0
NAd4_CCGATGGCACTTGAAC,1,0,0,0,0,0,0,0,0,0
ACC8a_CTAAGTGGTGAGTGAC,1,0,0,0,0,0,0,0,0,0
ACC8a_TACAACGCATCAGTCA,8,0,0,0,0,0,0,0,0,0
PBMAH4_AGGCATTAGCACTGGA,7,0,0,0,0,0,0,0,0,0
ACA2_GTAAGTCGTAGGAGTC,4,0,0,0,0,0,0,0,0,0
ACA7_CTATAGGTCACTACGA,6,2,0,0,0,0,0,0,0,0
NAd1_TCTATCAGTTGCCGAC,3,0,0,0,0,0,0,0,0,0
NAd4_ACACCAACAGCGTAGA,2,0,0,0,0,0,0,0,0,0
ACC1a_GACTATGCAGAAACCG,7,0,0,0,0,0,0,0,0,0
ACC8a_CCCAACTTCGCTCTAC,5,0,2,0,0,0,0,0,0,0
ACC8a_GTTGAACTCGCTACAA,1,0,0,0,0,0,0,0,0,0
PBMAH5_GACGCTGGTACAAGTA,5,2,0,0,0,0,0,0,0,0
NAd1_CTCATCGCATGACGTT,11,0,0,0,0,0,0,0,0,0
PBMAH5_TCTCCGAGTGAATTAG,5,2,0,0,0,0,0,0,0,0
ACC1a_TGCATGAGTCCAATCA,8,0,0,1,0,1,0,0,0,0
ACC8a_CCTTTGGGTCTCAAGT,13,0,2,0,0,0,0,0,0,0
ACA2_ATCCGTCAGACTCGAG,3,0,0,0,0,0,0,0,0,0
ACA8_AATGCCATCATTTGGG,0,0,0,0,0,0,0,0,0,0
ACC8b_GAGATGGGTCAGGTAG,0,0,0,0,0,0,0,0,0,0
ACC8a_GAGTGAGTCCTATTGT,11,0,0,0,0,0,0,0,0,0
ACA3_GGGCTACTCGGCTATA,11,0,0,0,0,0,0,0,0,0
ACC8a_TGGGATTGTGCGTTTA,7,0,0,0,0,0,0,0,0,0
PBMAH5_GAAGGGTAGTAACAGT,1,1,1,0,0,0,0,0,0,0
ACA7_CAGTTAGTCCGGTAAT,3,1,2,0,0,0,0,0,0,0
ACA4_ACATGCACATGGGTCC,5,0,0,0,0,0,0,0,0,0
ACC8a_CATTGAGAGTGGCAGT,1,0,0,0,0,0,0,0,0,0
ACA2_GAGTTTGTCACACCCT,12,0,1,0,0,0,0,0,0,0
ACA3_GAAATGAGTGACGCCT,8,1,1,0,1,1,0,0,0,0
NAd1_CTGGCAGGTTCTAACG,6,0,0,0,0,0,0,0,0,0
ACA4_TGAGACTAGTGGTGAC,1,0,0,0,0,0,0,0,0,0
ACC8a_TCCCATGTCTACAGGT,14,0,0,0,0,0,0,0,0,0
NAd4_AGTCACAAGCATCTTG,2,0,0,0,0,0,0,0,0,0
ACC8b_GACCGTGTCCGATGTA,8,0,0,0,0,0,0,0,0,0
ACC8a_CTTCCTTAGCTCCATA,9,0,0,0,0,0,0,0,0,0
PBMAH5_TTCGGTCAGGGAGAAT,2,0,0,0,0,0,0,0,0,0
PBMAH4_AACCACATCTGTCGTC,1,0,0,0,0,0,0,0,1,0
ACC13_AGAGCAGGTTTCGGCG,6,2,2,0,0,2,0,0,0,0
PBMAH5_TGAGGTTCACACAGCC,3,0,0,0,0,0,0,0,0,0
ACA1_CATAGACCAAGAGTGC,4,1,1,1,1,1,0,0,0,0
PBMAH5_GTGGAGATCGGTTAGT,0,0,0,0,0,0,0,0,0,0
ACC8a_GATCATGTCAAAGAAC,10,0,0,0,0,0,0,0,0,0
NAd2_ACTCCCATCCAGTGCG,9,0,0,0,0,0,0,0,0,0
ACC1a_AGGAATACATTGTCGA,10,0,1,1,0,0,0,0,0,0
ACC8b_ATCCTATCAGTCGCAC,7,0,0,0,0,0,0,0,0,0
ACA7_AAGACAAAGCCTCGTG,9,0,0,0,0,0,0,0,0,0
ACC8b_AGACCCGGTTCTCGTC,1,0,0,0,0,0,0,0,0,0
NAd4_ATCCACCGTGTCCAAT,11,0,0,0,0,0,0,0,0,0
ACC8a_CTGTCGTCATTGGGAG,5,0,0,0,0,0,0,0,0,0
NAd1_CTTCGGTAGCAGAAAG,11,0,0,0,0,0,0,0,0,0
ACA1_CATGCCTAGAAGCGGG,5,1,0,1,1,1,0,0,0,0
PBMAH5_GGTAACTTCCATGAGT,13,0,0,0,0,0,0,0,0,0
ACC8a_ACGCACGGTGGACAGT,8,0,0,0,0,0,0,0,0,0
NAd1_TAAGCCACACCAGACC,0,0,0,0,0,0,0,0,0,0
ACC8a_CCTCATGTCCAGCTCT,2,0,0,0,0,0,0,0,0,0
ACA8_GACATCACAATTGTGC,9,0,2,0,0,0,0,0,0,0
ACC8a_ACTTTGTGTACTAACC,0,0,0,0,0,0,0,0,0,0
ACC8b_CGCAGGTTCGTCCATC,1,0,0,0,0,0,0,0,0,0
ACC8a_AGCTCAACAGTTGCGC,7,0,0,0,0,0,0,0,0,0
PBMAH4_TTCCGTGTCCGATGCG,1,0,0,0,0,0,0,0,0,0
ACA3_AACGGGATCACTGATG,1,0,0,0,0,0,0,0,0,0
PBMAH4_AGTGCCGTCCTACACC,0,2,2,0,0,2,0,0,0,0
ACA1_AGGATAAGTTGCTGAT,0,0,0,0,0,0,0,0,0,0
ACA1_CATTCATTCATTTCCA,1,1,1,0,1,0,0,0,0,1
ACA3_AGTCATGCAACGGCTC,1,0,0,0,0,0,0,0,0,0
PBMAH3_CTTTCGGAGCTGACCC,0,0,0,0,0,0,0,0,0,0
NAd1_TCAAGACGTCTTGTCC,2,0,0,0,0,0,0,0,0,0
ACC8a_GGAAGTGAGGACAGTC,1,0,0,0,0,0,0,0,0,0
ACC8b_GTCATGAGTCTGCATA,6,0,0,0,0,0,0,0,0,0
PBMAH3_TTGTTTGCACAGAGCA,1,1,1,0,0,0,0,0,0,0
ACA3_CACAGGCGTCCCAAAT,0,0,0,0,0,0,0,0,0,0
PBMAH5_GATCAGTGTAGTCTTG,9,1,1,0,0,0,0,0,0,0
ACC1a_CCACAAACAGACGATG,6,1,0,0,0,0,0,0,0,0
ACA2_CACATGACAAGTCCAT,0,0,0,0,0,0,0,0,0,0
ACC8b_GACGTTATCGGCATTA,5,1,0,0,0,0,0,0,0,0
ACA3_CATTCTAGTTGTTGAC,1,0,0,0,0,0,0,0,0,0
ACA4_ACGGAAGCATGCCGCA,11,0,0,0,0,0,0,0,0,0
ACC1a_ACGTACACATAATGAG,1,1,0,0,0,0,0,0,0,0
ACA3_CCTCAGTGTTAGGGTG,7,0,0,0,0,0,0,0,0,0
ACC8a_GACGTTACACAGTCAT,2,0,0,0,0,0,0,0,0,0
ACC8b_CACTGGGGTTTACGAC,10,0,0,0,0,0,0,0,0,0
ACA3_GTTGCTCTCCATGCAA,6,0,0,0,0,0,0,0,0,0
ACA7_TACATTCCATGCCGAC,2,0,2,0,0,0,0,0,0,0
ACA1_TGAGACTCATTAAGCC,1,0,0,0,0,0,0,0,0,0
ACA8_TAGGTTGAGAGTGTTA,9,2,2,0,0,0,0,0,0,0
NAd4_GGCGTCAGTAGAGATT,3,0,0,0,0,0,0,0,0,0
PBMAH4_AAGACAATCGCCCAGA,2,0,0,0,0,0,0,0,0,0
ACA8_TGGAGGACAGCAGAAC,4,0,0,0,0,0,0,0,0,0
NAd4_ATGAAAGGTCTTGCGG,8,0,0,0,0,0,0,0,0,0
PBMAH3_ACATGCATCGCTACAA,10,2,2,0,2,2,1,2,2,2
ACA1_TTTGTTGGTGTGTGGA,9,0,0,0,0,0,0,0,0,0
ACC8b_AGTAGCTCATAGACTC,10,0,0,0,0,0,0,0,0,0
ACA4_ACGTCCTAGGCTTAAA,0,0,0,0,0,0,0,0,0,0
NAd3_ATGAGTCTCATTATCC,1,0,0,0,0,0,0,0,0,0
ACA7_GATAGAAAGTTGTCAC,0,0,0,0,0,0,0,0,0,0
PBMAH5_CCCTAACCATGACGTT,6,1,0,0,0,0,0,0,0,0
ACA4_AGGAGGTAGCGGGTAT,14,0,0,0,0,0,0,0,0,0
ACC8a_ATAGACCCATGATGCT,2,0,1,0,0,0,0,0,0,0
ACC8a_TTCCTTCCATCCTTGC,3,2,2,0,0,0,0,0,0,0
PBMAH3_GTCAAACGTATCTCTT,9,2,2,2,0,2,0,0,2,2
ACA2_AAAGTCCCAGTCGGAA,6,1,1,0,0,0,0,0,0,0
NAd1_TACCTGCGTCTACTGA,0,0,0,0,0,0,0,0,0,0
ACC8a_CCTCAGTGTTTCCCAC,3,0,0,0,0,0,0,0,0,0
PBMAH4_CATGGATGTAGCTTGT,1,0,0,0,0,0,0,0,0,0
ACA2_TACCGAACACATATGC,10,0,0,0,0,0,0,0,0,0
ACA2_CCGTTCATCACCACAA,6,0,0,0,0,0,0,0,0,0
NAd1_TGAGCGCGTACTGCGC,3,0,0,0,0,0,0,0,0,0
PBMAH4_CTTCAATAGACTTAAG,1,0,0,0,0,0,0,0,0,0
ACA1_GCACATACACCGGAAA,2,0,0,0,0,0,0,0,0,0
ACC8b_AGTAACCAGACTCATC,3,1,0,0,0,0,0,0,0,0
PBMAH5_GGACGTCAGGACTGGT,1,1,0,0,0,0,0,0,0,0
ACA2_GCACGTGTCTCGAGTA,11,0,0,0,0,0,0,0,0,0
NAd1_TCAGGTAAGTGAGCCA,5,0,0,0,0,0,0,0,0,0
ACA4_CATTTCAGTAGGAAAG,2,1,1,1,1,1,0,1,1,1
ACA4_CATCCACTCCCGGTAG,11,0,0,0,0,0,0,0,0,0
ACA4_GCTTTCGAGGTGCAGT,2,0,0,0,0,0,0,0,0,0
NAd1_GTGTTAGCAGTCAGCC,2,0,0,0,0,0,0,0,0,0
ACC8a_GGAGCAATCCAAATGC,12,0,0,0,0,0,0,0,0,0
NAd4_AATCGACAGGACTAAT,2,0,0,0,0,0,0,0,0,0
ACA4_ATGCCTCCATCACGGC,0,0,0,0,0,0,0,0,0,0
ACA2_TCCGAAATCGGCTGAC,0,0,0,0,0,0,0,0,0,0
NAd1_CAAGGGATCCATTGTT,0,0,0,0,0,0,0,0,0,0
ACC8a_AGCCAGCAGCAGTCTT,10,2,0,0,0,0,0,0,0,0
ACC8a_TTAGGGTGTGTGTGGA,1,0,0,0,0,0,0,0,0,0
PBMAH3_AGGTGTTGTGGAAGTC,0,1,0,0,0,0,0,0,0,0
PBMAH2_TGATCAGGTCGATTAC,0,0,1,1,0,1,0,0,0,0
ACC8a_CTGTCGTCATCTAGAC,6,0,0,0,0,0,0,0,0,0
PBMAH4_AGGGAGTTCTTCGCTG,2,0,0,0,0,0,0,0,0,0
ACC6_CATTGAGGTCCTCAGG,6,0,2,0,0,0,0,0,0,0
ACC8a_TATCGCCGTCTCTCTG,3,0,0,0,0,0,0,0,0,0
NAd4_TCTCTGGTCTACAGGT,3,0,0,0,0,0,0,0,0,0
PBMAH3_TCGTGGGCATGTACGT,4,2,2,0,0,2,0,0,0,0
ACA8_CTACTATAGGTGCATG,6,0,0,0,0,0,0,0,0,0
NAd1_CAGCCAGAGTTCCGGC,1,0,0,0,0,0,0,0,0,0
ACC8a_CAACCAAAGCGACCCT,0,1,1,1,1,1,0,0,1,1
ACC8b_TCATACTCATCGCTCT,0,0,0,0,0,0,0,0,0,0
ACC8a_CCACACTCATTGAAGA,12,0,0,0,0,0,0,0,0,0
ACC8a_CCCTTAGCATGTTCGA,11,0,0,0,0,0,0,0,0,0
ACC8a_ACATCGATCCACTAGA,8,0,0,0,0,0,0,0,0,0
ACC8b_GACGTTACATCACGGC,11,0,0,0,0,0,0,0,0,0
ACA8_GGTTGTAGTGGATACG,12,0,0,0,0,0,0,0,0,0
ACA8_AGTTCCCTCTCTATAC,0,0,0,0,0,0,0,0,0,0
ACA2_TGAATGCCAAGGACAC,9,0,0,0,0,0,0,0,0,0
ACC1a_TGTTTGTGTGGGAGAG,3,0,1,0,0,0,0,0,0,0
ACC1a_TGATGGTGTGCGCTCA,5,0,0,0,0,0,0,0,0,0
ACC8a_TTGAACGCAAACCATC,5,0,0,0,0,0,0,0,0,0
ACA7_ATCGTAGGTAAGGCTG,8,2,0,2,0,0,0,0,0,0
ACC8b_TCCATGCGTATCGCGC,10,1,1,0,1,0,0,0,0,0
NAd1_TCAATCTCACTCCTTG,9,0,0,0,0,0,0,0,0,0
PBMAH1_ATCACTTGTGCCAAGA,1,0,0,0,0,2,0,2,0,0
NAd1_ATTCCATGTCCAGCCA,1,0,0,0,0,0,0,0,0,0
ACC8b_TAGGAGGAGGCGTCCT,0,0,0,0,0,0,0,0,0,0
ACC8b_GGCTTGGAGCTGACCC,13,0,0,0,0,0,0,0,0,0
ACA7_GAGACTTAGATGATTG,1,0,2,0,0,0,0,0,0,0
ACA2_TCTCTGGTCATAGAGA,1,0,0,0,0,0,0,0,0,0
PBMAH5_AGAAGTATCATGTCTT,12,0,0,0,0,0,0,0,0,0
NAd3_AGCGATTCAATCGAAA,0,0,1,0,1,0,0,0,0,0
ACC1a_CTCAGGGAGTTCCATG,6,0,0,0,0,0,0,0,0,0
NAd4_GAGACTTCAAGCCTGC,1,0,0,0,0,0,0,0,0,0
NAd1_GACGCTGCACTCTGCT,2,0,0,0,0,0,0,0,0,0
ACC8a_CCACAAATCGAGTTGT,2,1,0,0,0,0,0,0,0,0
ACA7_ATGTCCCTCTTTACAC,0,0,0,0,0,0,0,0,0,0
ACC8a_TGGGATTGTACCCAGC,13,0,0,0,0,0,0,0,0,0
NAd1_AATGGCTTCTCTCCGA,3,0,0,0,0,0,0,0,0,0
NAd4_CCGTAGGTCTCACCCA,13,0,0,0,0,0,0,0,0,0
PBMAH3_GTCACGGAGGCCATAG,5,2,2,0,0,0,0,0,0,0
ACC8b_CATGCCTAGTACCGGA,2,1,0,0,1,0,0,0,0,0
PBMAH4_GACTCAATCCCGAGTG,2,0,0,0,0,0,0,0,0,0
ACC8a_GAATAGATCGCATGAT,7,0,0,0,0,0,0,0,0,0
ACA3_CGTTGGGCAGGACAGT,6,0,0,0,0,0,0,0,0,0
ACC8a_TCGAAGTTCCGGACGT,8,0,0,0,0,0,0,0,0,0
PBMAH4_GTAAGTCAGACCTTTG,6,1,0,0,0,0,0,0,0,0
NAd1_CTACATTAGCTGCGAA,4,0,0,0,0,0,0,0,0,0
ACC8a_GCCCGAACATGACAAA,10,0,0,0,0,2,0,0,0,0
PBMAH5_TGCAGGCGTAGCTAAA,6,0,0,0,0,0,0,0,0,0
NAd3_CTGAGCGGTATTCCTT,4,1,0,0,0,0,0,0,0,0
PBMAH5_GGTAATCAGGATTCAA,6,0,2,0,0,0,0,0,0,0
ACC8a_CTTTCAAGTACGACAG,0,0,0,0,0,0,0,0,0,0
ACA4_TCGTGCTCATCTGCGG,3,0,0,0,0,0,0,0,0,0
NAd1_GACGCTGCATCGATGT,11,0,0,0,0,0,0,0,0,0
ACA2_AAACGCTGTTAATCGC,14,1,0,0,0,0,0,0,0,0
PBMAH3_GATGTTGTCGCATAGT,2,2,2,2,2,2,1,2,2,2
ACC8a_GTCGTTCAGGAACATT,1,0,0,0,0,0,0,0,0,0
PBMAH5_AACAGGGGTCGCACGT,7,1,0,0,0,0,0,0,0,0
ACA1_GGGTCTGAGCATGCAG,11,0,0,0,0,0,0,0,0,0
ACA4_CACGTGGTCCGTCACT,1,0,0,0,0,0,0,0,0,0
ACC8a_ACCTACCGTGGCCTCA,7,0,0,0,0,0,0,0,0,0
PBMAH5_ATCAGGTTCACCATCC,0,0,0,0,0,0,0,0,0,0
ACC8a_TGGAGGATCCTACGAA,0,1,1,0,0,0,0,0,0,0
PBMAH3_CTCCATGGTGCCGAAA,1,0,1,0,0,0,0,0,0,0
ACA2_CATCCACCAGGTTCCG,8,0,1,0,0,0,0,0,0,0
ACC1a_ACAAGCTCAATGTCTG,11,0,0,0,0,0,0,0,0,0
NAd2_TCGGATATCGTGGCGT,1,0,0,0,0,0,0,0,0,0
ACA4_CCTCACATCTGGAGAG,10,0,0,0,0,0,0,0,0,0
ACA2_CGGGACTGTCACGCTG,7,0,0,0,0,0,0,0,0,0
ACA3_GATTCGAGTGGCCACT,10,1,0,1,0,1,0,0,0,0
ACA7_GTGCTGGAGCAGCGAT,1,0,0,0,0,0,0,0,0,0
ACA4_GCGTTTCAGGTCCTGC,7,0,0,0,0,0,0,0,0,0
ACC1a_GGGTCACGTACTAGCT,12,0,0,0,0,0,0,0,0,0
PBMAH4_CTGGACGTCTCCTGAC,1,0,0,0,0,0,0,0,0,0
NAd3_TATATCCCACATTACG,7,0,0,0,0,0,0,0,0,0
ACC8a_TTTCACAGTTCTCCAC,4,0,0,0,0,0,0,0,0,0
PBMAH2_CCTGTTGGTATCGTTG,13,2,2,0,0,0,0,0,0,0
PBMAH4_CTTCTCTCATGGAAGC,2,1,0,0,0,0,0,0,0,0
ACA8_CACCAAATCGTAGCTA,1,0,0,0,0,0,0,0,0,0
ACA7_GTAGTACAGACGCTCC,8,0,0,0,0,0,0,0,0,0
PBMAH3_CTAGACAGTATCCCAA,6,2,0,0,0,2,0,0,0,0
ACC8a_ATTCAGGTCACTACTT,2,0,0,0,0,0,0,0,0,0
NAd1_TGAATCGGTTCTCAGA,2,0,0,0,0,0,0,0,0,0
ACC8b_GATAGCTCACCCTTAC,3,0,0,0,0,0,0,0,0,0
NAd1_GAGTCATTCCATATGG,6,0,0,0,0,0,0,0,0,0
ACC8b_TTCATTGCAGCGTGCT,2,1,1,0,0,0,0,0,0,0
ACC8a_TCATACTTCAGATGCT,4,0,0,0,0,0,0,0,0,0
ACC8a_CCGTAGGAGGAACTAT,1,0,0,0,0,0,0,0,0,0
NAd1_TGGTAGTTCTCAATCT,5,0,0,0,0,0,0,0,0,0
PBMAH4_CCTTTGGGTCATCTAG,0,0,0,0,0,0,0,0,0,0
NAd4_GTCATTTAGCATACTC,0,0,0,0,0,0,0,0,0,0
ACA5_TCACTCGAGGAAGTCC,2,0,0,0,0,0,0,0,0,0
PBMAH6_ATGTCCCCATGTTACG,1,1,0,0,0,0,0,0,0,0
NAd3_ACCAAACCACGTACTA,3,0,0,0,0,0,0,0,0,0
ACC8a_TTTAGTCTCAGACATC,0,1,0,0,0,0,0,0,0,0
ACA4_TGGTGATTCCATAGGT,2,0,0,0,0,0,0,0,0,0
ACA7_CAGAGCCTCTTTGCAT,0,1,2,0,0,0,0,0,0,0
ACC8a_TCCGGGACAAAGACTA,11,0,0,0,0,0,0,0,0,0
ACC8a_TGAGTCAAGCCTATCA,13,0,0,0,0,0,0,0,0,0
ACC8a_TGATCTTAGATACATG,12,1,0,0,0,0,0,0,0,0
ACA8_GCAACCGTCTACACTT,1,0,0,0,0,0,0,0,0,0
ACC8b_CATCAAGCATGAGTAA,2,1,0,0,0,0,0,0,0,0
PBMAH5_ATTCGTTTCTTGGCTC,1,0,0,0,1,1,0,0,0,0
ACA4_CCAATGAGTCCCGCAA,9,0,0,0,0,0,0,0,0,0
ACA4_CTCATGCCACGCGTGT,6,0,0,0,0,0,0,0,0,0
NAd3_GAGACTTAGACCTTTG,9,0,0,0,0,0,0,0,0,0
ACC8a_TCATATCCAAGTGGAC,5,0,0,0,0,0,0,0,0,0
PBMAH1_CTACATTGTTTCGCTC,3,0,0,0,0,0,0,0,0,0
ACA4_TCTTAGTTCATTTCCA,11,1,0,0,0,0,0,0,0,0
ACC1a_TCGAACATCCATTTGT,1,1,0,0,0,0,0,0,0,0
ACA2_CGTCAAATCCAACACA,0,0,0,0,0,0,0,0,0,0
ACC8a_AGAAATGCATCGTGGC,0,0,0,0,0,0,0,0,0,0
ACA2_TCCTCGAGTGTTACAC,6,0,0,0,0,0,0,0,0,0
ACA4_AAGTGAAGTCACTCTC,11,0,0,0,0,0,0,0,0,0
NAd4_AACAAGATCTGGTGGC,8,0,0,0,0,0,0,0,0,0
PBMAH5_GTTTGGACAGAGTCAG,7,0,0,0,0,0,0,0,0,0
ACA1_AATGAAGGTCATACCA,3,1,1,0,1,0,0,0,0,0
NAd4_TGGAGGAAGCGCCTAC,1,0,0,0,0,0,0,0,0,0
ACA7_TGCAGTAGTTGCCGCA,3,1,1,0,0,0,0,0,0,0
ACC8b_TCTTAGTGTACAATAG,5,1,0,0,0,0,0,0,0,0
NAd1_TCAAGTGCACACGGAA,0,0,0,0,0,0,0,0,0,0
PBMAH3_CTGTATTCAACCTATG,1,0,2,0,2,2,0,0,0,0
ACA7_TAGACCAAGTTGTAAG,1,0,0,0,0,0,0,0,0,0
ACC8a_CTGTGAATCCATGAGT,14,0,0,0,0,0,0,0,0,0
ACC8a_AATGCCAAGCCATTGT,3,1,0,0,0,0,0,0,0,0
ACC8a_AGAAATGAGGTAGCAC,3,0,0,0,0,0,0,0,0,0
ACC8b_CACTGTCTCAAACGAA,9,0,0,0,0,0,0,0,0,0
NAd1_ATGGGTTTCTGGGAGA,0,0,0,0,0,0,0,0,0,0
ACC8a_TTAGGCATCGGATTAC,7,0,0,0,0,0,0,0,0,0
NAd2_CAGCACGCAGAGAATT,2,0,0,0,0,0,0,0,0,0
NAd4_GTGTGGCTCCGATCGG,3,0,0,0,0,0,0,0,0,0
ACC2a_GTGTGATAGAAACTCA,6,1,1,1,1,1,0,1,0,0
NAd1_ATGTCTTTCTTCCCAG,3,0,0,0,0,0,0,0,0,0
ACA3_CCGGGTACACTCCACT,0,0,0,0,0,0,0,0,0,0
NAd1_GGCTTTCGTTACGGAG,0,0,0,0,0,0,0,0,0,0
ACC8b_TCGTAGAAGGAGTATT,5,0,0,0,0,0,0,0,0,0
PBMAH5_ATCACGATCGACGATT,12,0,0,0,0,0,0,0,0,0
ACA4_AGAAGCGGTGGGATTG,4,0,2,0,0,0,0,0,0,0
NAd4_ACAGGGATCGAATCCA,12,0,0,0,0,0,0,0,0,0
ACA2_GGGTGAACATCATCTT,1,0,1,0,0,0,0,0,0,0
ACA3_GCCGTGACATTCCTCG,0,1,1,1,0,1,0,0,0,0
ACC8a_TCACTATGTTAAGACA,0,0,0,0,0,0,0,0,0,0
NAd1_AGGTCATTCCGATCTC,3,0,0,0,0,0,0,0,0,0
ACC8a_CAATACGCAATCGCGC,6,1,0,0,0,0,0,0,0,0
ACA7_TCTAACTCACAGTATC,8,0,0,0,0,0,0,0,0,0
ACC8a_AACACACGTGTGTCCG,1,0,0,0,0,0,0,0,0,0
ACA4_CATCCACTCGACATAC,8,1,0,0,0,0,0,0,0,0
PBMAH5_TGCAGTAGTCTGATAC,11,0,0,0,0,0,0,0,0,0
NAd3_GCGTGCATCCTTTGAT,0,2,2,1,0,0,0,0,0,0
PBMAH5_TCTGTCGGTAGTAAGT,8,0,2,0,0,0,0,0,0,0
NAd4_GATGACTAGAGGTATT,0,0,0,0,0,0,0,0,0,0
ACC8a_CGCATGGGTCACTCAA,1,0,0,0,0,0,0,0,0,0
ACA2_CAGCACGCATGAAGCG,4,0,0,0,0,0,0,0,0,0
PBMAH6_TGTAACGAGATCCAAA,2,0,0,0,0,0,0,0,0,0
ACC1a_TGAATGCCATGTAACC,3,1,1,0,0,0,0,0,0,0
ACC1a_AGCGCCAAGACGACGT,4,0,0,0,0,0,0,0,0,0
ACC8a_CAGATCATCATTCACT,5,0,0,0,0,0,0,0,0,0
NAd3_AGATCGTTCTCGAGTA,1,0,2,0,0,0,0,0,0,0
PBMAH2_GAAATGAAGGCCTGCT,7,2,0,0,0,2,0,0,0,0
ACC8b_AGGGTTTTCTCGAACA,4,0,0,0,0,0,0,0,0,0
NAd1_CTTCGGTTCCGTCAAA,4,0,0,0,0,0,0,0,0,0
PBMAH5_CCTATCGAGTATGACA,7,0,0,0,0,0,0,0,0,0
ACC8a_CCTCATGCACGCTGTG,1,1,0,0,0,0,0,0,0,0
NAd1_CATTGTTTCTATCACT,8,0,0,0,0,0,0,0,0,0
NAd4_GCCGTGAGTCTACATG,3,0,0,0,0,0,0,0,0,0
PBMAH3_CGTGCTTAGGCACCAA,0,1,2,0,0,0,0,0,0,0
NAd2_TACGGGCCATTGACAC,13,0,0,0,0,0,0,0,0,0
NAd4_ATTCAGGAGCAGGCAT,7,0,0,0,0,0,0,0,0,0
ACA4_AGGGAGTTCACTGTTT,2,0,0,0,0,0,0,0,0,0
ACC8a_TACGCTCCACTACGGC,0,2,0,0,0,2,0,0,0,0
ACC8b_TCCTTTCAGACGCTCC,11,0,0,0,0,0,0,0,0,0
ACC8a_TCAATCTAGACTGTTC,3,0,0,0,0,0,0,0,0,0
NAd1_GGGATGACAGGGCTTC,8,0,0,0,0,0,0,0,0,0
NAd1_TAGATCGCACACTGGC,1,0,0,0,0,0,0,0,0,0
NAd4_CATTCATCAACAAGAT,3,0,0,0,0,0,0,0,0,0
ACC8a_GGTAATCTCATGGGAG,1,1,0,0,0,0,0,0,0,0
ACA4_ATTCCCGCATCATTGG,7,0,1,1,1,1,0,1,0,1
ACC8a_GTCTACCGTGACGCCT,5,0,0,0,0,0,0,0,0,0
ACC1a_GAGTCATCACCCAAGC,2,0,0,1,0,0,0,0,0,0
ACC2a_ATCCATTAGCTATCCA,12,2,2,1,1,1,0,1,1,1
PBMAH5_GTAATCGGTCACAATC,2,0,0,0,0,0,0,0,0,0
ACC1a_GTGTCCTGTGGCCCAT,1,0,0,0,0,1,0,1,1,1
PBMAH3_CTCAACCAGATAGCTA,3,2,2,2,0,2,1,2,2,2
PBMAH3_AGGAAATGTGTTTACG,5,2,2,0,0,2,0,0,2,2
ACC8b_TGAATCGTCGGAATTC,0,1,1,1,0,0,0,0,0,0
ACC1a_TTCACGCGTTAAACCC,12,0,2,0,0,0,0,0,0,0
PBMAH4_GATGAGGAGTCTACCA,8,0,0,0,0,0,0,0,0,0
NAd4_ACGGTTATCTTACCAT,1,0,0,0,0,0,0,0,0,0
PBMAH1_GGTGAAGCACGGTGCT,6,2,2,0,0,2,1,2,0,2
ACC2a_ATCGCCTTCGATACTG,0,0,0,1,1,1,0,0,1,1
PBMAH5_GTCTAGATCGGCTCTT,5,1,1,0,1,0,0,1,0,0
ACA1_CCCTCTCGTGAAAGTT,2,0,0,0,0,0,0,0,0,0
ACC8a_ATCACAGGTGTCCTAA,0,0,0,0,0,0,0,0,0,0
ACA2_TCCTCGAGTAAGTTGA,7,1,0,0,0,0,0,0,0,0
ACC8a_GGGACTCAGCGTGAGT,9,0,0,0,0,0,0,0,0,0
ACC8a_ATGGAGGGTCGGTAAG,2,1,0,0,0,0,0,0,0,0
ACC8a_CAGATTGCAACGGTAG,4,0,0,0,0,0,0,0,0,0
ACA4_CTGCAGGGTGGTACAG,12,0,0,0,0,0,0,0,0,0
ACC8b_ATCGTAGAGTGCTCGC,7,0,0,0,0,0,0,0,0,0
ACA3_TGGGCTGGTAGACGTG,10,0,0,0,0,0,0,0,0,0
ACC1a_GATGTTGGTCAGGAGT,7,0,1,1,0,0,0,0,0,0
ACC8a_TTTGATCTCATTACGG,3,1,0,0,0,0,0,0,0,0
ACC8a_TCTACCGTCAGCTAGT,10,0,0,0,0,0,0,0,0,0
ACC8a_ATCACTTAGCACGGAT,4,1,0,0,0,0,0,0,0,0
ACA4_GTGATGTCACGCGCAT,7,0,0,0,0,0,0,0,0,0
ACA8_AGATAGACATGCCATA,0,0,0,0,0,0,0,0,0,0
ACC8a_GGCTGTGTCTTTGGAG,6,1,0,0,0,0,0,0,0,0
PBMAH5_GTACAGTAGTGTACCT,7,0,0,0,0,0,0,0,0,0
ACA7_TCGGGCACAGACGCTC,0,1,2,0,0,0,0,0,0,0
NAd1_AGACCATTCCGTATAG,2,0,0,0,0,0,0,0,0,0
ACA4_TCTTCCTGTGTCTTCC,4,0,0,0,0,0,0,0,0,0
ACC8b_TACAACGTCTGCGGCA,2,1,0,0,0,0,0,0,0,0
ACC1a_AACACACTCAGACCCG,9,0,0,0,0,0,0,0,0,0
ACA7_CTCTCAGCAATAGTGA,2,2,2,2,0,2,0,0,0,0
ACA8_AGCATCAGTACGTACT,7,0,0,0,0,0,0,0,0,0
ACA4_AGAGCAGCAATCCTTT,1,0,0,0,0,0,0,0,0,0
ACC8b_CGGAGAAGTGCCGTAC,11,0,0,0,1,0,0,0,0,0
ACC8a_AAGACTCCACACAGAG,9,0,0,0,0,0,0,0,0,0
ACA7_TCGGTCTAGGATTTAG,12,0,2,0,0,2,0,0,0,0
NAd4_ATGATCGTCAGCTTCC,1,0,0,0,0,0,0,0,0,0
ACC8a_CATCCGTGTGCTTATG,6,0,0,0,0,0,0,0,0,0
ACC16_TGACGCGTCGCTAATG,1,0,0,0,0,0,0,0,0,0
PBMAH4_GGAATCTAGGGACCAT,9,0,0,0,0,0,0,0,0,0
PBMAH1_CACTGTCGTCAACCAT,1,0,0,0,0,0,0,0,0,0
ACC8a_GGAGGATTCATTGAGC,5,0,0,0,0,0,0,0,0,0
ACA4_GGAATCTGTGGTCTGC,0,1,0,0,0,0,0,0,0,0
ACC1a_ATTGGGTGTCCACTTC,0,1,0,0,0,0,0,0,0,0
PBMAH3_ATCAGGTAGATTGCGG,6,1,0,0,0,0,0,0,0,0
NAd4_GGCAGTCTCTCCAATT,1,0,0,0,0,0,0,0,0,0
NAd4_ATGCCTCAGGCCTGAA,2,0,0,0,0,0,0,0,0,0
NAd2_TTGCTGCTCAGACATC,1,0,0,0,0,0,0,0,0,0
ACA1_AGGACGAGTCACCGAC,0,1,0,0,0,0,0,0,0,0
ACC8a_CTCCATGAGGTGAGCT,1,0,0,0,0,0,0,0,0,0
ACC8a_CAGGCCATCCACGTAA,7,0,0,0,0,0,0,0,0,0
ACA4_GCGATCGTCCAAGCAT,3,0,0,0,0,0,0,0,0,0
ACA4_CCTCATGCACTGGCGT,6,1,0,0,0,0,0,0,0,0
NAd1_TCTGGCTCATGCCATA,11,0,0,0,0,0,0,0,0,0
ACA3_GAGTTACCAGCAATTC,0,0,0,0,0,0,0,0,0,0
ACA8_TCCACGTCAGTCCGTG,11,0,0,0,0,0,0,0,0,0
NAd4_TCCATGCTCCTGCTAC,2,0,0,0,0,0,0,0,0,0
ACC8a_CAAGGGACAGGATCTT,0,0,0,0,0,0,0,0,0,0
ACA4_AGTGTTGGTTCAGGTT,2,0,0,0,0,0,0,0,0,0
PBMAH3_TACTTACTCGGTTAGT,10,2,2,0,0,0,0,0,0,0
ACC8a_AGACAAAGTGCCGTTG,0,2,0,0,0,0,0,0,0,0
ACA7_TTGCATTTCCGATTAG,2,0,2,1,0,0,0,0,0,0
NAd1_GTGATGTTCAGCCTTC,0,0,0,0,0,0,0,0,0,0
NAd4_TGGGCTGTCTCGGTAA,2,0,0,0,0,0,0,0,0,0
ACA4_AGTCATGGTACTGACT,1,0,0,0,0,0,0,0,0,0
ACC8a_AGGGTCCTCTGCGTCT,5,0,0,0,0,0,0,0,0,0
PBMAH5_AGGTTACCACTGTTCC,2,0,2,0,0,0,0,0,0,0
ACC8b_ATTGGGTGTGTTCCTC,3,0,0,0,0,0,0,0,0,0
PBMAH6_TTTGGTTAGGTTGACG,12,1,1,1,1,1,0,0,0,0
ACC8a_TTTATGCGTGGCCTCA,4,0,0,0,0,0,0,0,0,0
NAd1_ATCGCCTTCACGGGAA,6,0,0,0,0,0,0,0,0,0
NAd1_CTCAGTCAGGAATCGC,14,0,0,0,0,0,0,0,0,0
ACC1a_CGAGGCTAGCCTCAGC,6,0,0,0,0,0,0,0,0,0
ACC8a_ATCCATTCACAGTATC,2,0,0,0,0,0,0,0,0,0
NAd4_TTCATTGTCCGTGACG,1,0,0,0,0,0,0,0,0,0
ACC8b_GGGTGTCAGGCCACCT,6,0,0,1,0,0,0,0,0,0
PBMAH5_TCGAACAGTACAGCGA,4,0,0,0,0,0,0,0,0,0
NAd4_CTCATCGCACAGGATG,1,0,0,0,0,0,0,0,0,0
NAd1_CCCATTGAGAGTGAAG,10,0,0,0,0,0,0,0,0,0
PBMAH5_TTCTTGACAATGACCT,2,0,2,0,0,0,0,0,0,0
PBMAH5_CATTCCGGTTCGGTAT,6,2,0,0,0,0,0,0,0,0
ACC8a_GGAAGTGCAGGCAATG,3,0,0,0,0,0,0,0,0,0
ACC10_CCAAGCGCATACCGTA,2,1,0,2,0,0,0,0,0,0
PBMAH3_CTTGATTCAACACGAG,0,2,2,2,2,2,1,2,2,2
ACA7_CGATGGCCACGATTCA,1,2,0,0,0,0,0,0,0,0
ACC8a_GTGTAACCAAGCCTGC,1,1,0,0,1,0,0,0,0,0
ACC8a_GGGCGTTGTAGCTGCC,2,0,0,0,0,0,0,0,0,0
ACA8_TACCCACTCAAGCCTA,9,0,0,0,0,0,0,0,0,0
PBMAH3_AGGATCTTCCAAGAGG,1,0,1,0,0,0,0,0,0,0
ACC8a_ATTCATCTCTAGCAAC,7,0,0,0,0,0,0,0,0,0
PBMAH5_TCGGGACTCTGACAGT,8,0,0,0,0,0,0,0,0,0
PBMAH4_AGCATCATCGTGTGGC,1,0,0,0,0,0,0,0,0,0
ACC8a_CGGCAGTAGACTCAAA,2,0,0,0,0,0,0,0,0,0
PBMAH3_CAACAACGTCGTGTTA,3,2,2,2,0,2,0,0,2,2
NAd4_ACGATGTCAAAGGTTA,7,0,0,0,0,0,0,0,0,0
ACC6_ATGGTTGTCTGGGCAC,0,1,1,0,1,0,0,1,1,1
NAd2_CTGCCTACACTCAGAT,1,0,0,0,0,0,0,0,0,0
PBMAH4_AATCGACCAATTCTTC,5,0,0,0,0,0,0,0,0,0
ACC8b_AGTAACCAGCCAGAGT,3,0,0,0,0,0,0,0,0,0
PBMAH4_GGGTGTCAGCCAAGGT,7,0,1,0,1,0,0,0,0,0
ACA4_AGACACTTCTCTCTAA,7,0,0,0,0,0,0,0,0,0
ACC8a_GGTTAACCACGAAGAC,13,0,0,0,0,0,0,0,0,0
PBMAH5_GATTCGAAGCATTGTC,0,0,0,0,0,0,0,0,0,0
ACA8_GTAATCGGTGAATTAG,0,0,0,0,0,0,0,0,0,0
NAd3_CCACGAGAGAATTGCA,9,0,1,0,1,0,0,0,0,0
ACC8a_TGTGCGGAGGTGCTTT,6,0,0,0,0,0,0,0,0,0
ACC8a_TGATGCACAATTGAAG,0,0,0,0,0,0,0,0,0,0
ACA8_TGCAGTACAACGCATT,3,0,0,0,0,0,0,0,0,0
ACA4_GAAATGATCTCTAGGA,6,0,0,0,0,0,0,0,0,0
NAd3_CTCCAACTCGCCGTGA,0,0,0,0,0,0,0,0,0,0
NAd1_CCTGTTGTCAGGGTAG,2,0,0,0,0,0,0,0,0,0
PBMAH5_GTCTCACCAGATACCT,10,0,0,0,0,0,0,0,0,0
ACC8a_TCATGTTAGACAACAT,4,0,0,0,0,0,0,0,0,0
ACA4_GGGAGATAGCTGGAGT,14,0,0,0,0,0,0,0,0,0
PBMAH5_GAAGTAAAGTCACTGT,0,0,0,0,0,0,0,0,0,0
ACC1a_ATTACCTCAGATACTC,0,0,0,0,0,0,0,0,0,0
ACA4_TTGTGGATCGCGTGAC,9,0,0,0,0,0,0,0,0,0
PBMAH4_GATGGAGCAGGTTCGC,7,0,0,0,0,0,0,0,0,0
PBMAH6_CGTTGGGCACTTCCTG,6,1,0,0,0,0,0,0,0,0
PBMAH4_GTAGGTTGTGTAGCAG,0,0,0,0,0,0,0,0,0,0
ACA3_GACTTCCCATCCTTCG,12,0,0,0,0,0,0,0,0,0
NAd4_TTCTGTAGTACGCTAT,1,0,2,0,0,0,0,0,0,0
ACC8a_ATAGACCCAGCGCTTG,6,0,0,0,0,0,0,0,0,0
NAd3_GGATCTATCCCTCAAC,0,0,0,0,0,0,0,0,0,0
ACC8b_CATCAAGTCTGCATGA,10,0,0,0,0,0,0,0,0,0
ACC8a_TTGGTTTTCCGTATGA,0,0,0,0,0,0,0,0,0,0
ACC8a_GGTCTGGAGGGTGAAA,8,0,0,0,0,0,0,0,0,0
ACC8a_CCGTAGGTCAACCCGG,0,0,0,0,0,0,0,0,0,0
ACC8b_GTCTTTACAGCCGTCA,11,0,0,0,0,0,0,0,0,0
PBMAH6_ATCTCTAAGTCACTGT,11,0,0,0,0,0,0,0,0,0
NAd1_AACAGGGTCGCTAGCG,2,0,0,0,0,0,0,0,0,0
ACA4_CGTAAGTAGACATACA,8,0,0,0,1,0,0,1,1,0
PBMAH5_TGCATCCCACGAGGAT,0,0,0,0,0,0,0,0,0,0
ACA1_CGGACACGTTGGACTT,10,0,0,0,0,0,0,0,0,0
PBMAH4_GGTGTCGTCAGGAGAC,3,1,0,0,0,0,0,0,0,0
NAd1_CTGTGGGGTCTGTGCG,9,0,0,0,0,0,0,0,0,0
NAd2_ATTCAGGTCACGATCA,0,0,0,0,0,0,0,0,0,0
ACA2_ATGCCTCTCGTGGAAG,8,0,0,0,0,0,0,0,0,0
ACC8a_AGCTACATCACTTGGA,12,1,0,0,0,0,0,0,0,0
ACC8a_GAAATGAGTCTCAGGC,6,0,0,0,0,0,0,0,0,0
ACC8a_GATGTTGCAGTGGTGA,5,1,0,0,0,0,0,0,0,0
ACC8a_TGACCCTAGCTTCTAG,6,0,0,0,0,0,0,0,0,0
PBMAH5_ACCTGTCCAATAGTCC,8,0,0,0,0,0,0,0,0,0
ACA2_AAGTGAACACAGCTGC,1,0,0,0,0,0,0,0,0,0
ACA3_AAAGAACAGGTCCCGT,1,0,0,0,0,0,0,0,0,0
ACC8a_TAGGAGGGTCACTCGG,0,0,1,0,0,0,0,0,0,0
PBMAH5_CCTTTGGTCCCTCGAT,0,0,0,0,0,0,0,0,0,0
ACA7_GGAGAACTCCATACAG,12,0,0,0,0,0,0,0,0,0
ACA2_CAGCACGGTCACTACA,7,1,0,0,0,0,0,0,0,0
ACA4_TCGCTTGGTTCAAAGA,4,0,0,0,0,0,0,0,0,0
ACA7_ATACTTCGTTCGAGCC,1,0,2,0,0,0,0,0,0,0
ACC8b_CACTGAATCGAGTGAG,0,0,0,0,0,0,0,0,0,0
ACA2_GTCACGGGTCACCTTC,3,0,0,0,0,0,0,0,0,0
ACC1a_GTATTTCAGACATGCG,5,1,0,0,0,0,0,0,0,0
ACC8a_ATCAGGTAGTAGTGCG,8,0,0,0,0,0,0,0,0,0
PBMAH3_GTGAGGACACCATAAC,4,1,1,0,0,2,0,0,0,0
PBMAH4_GATTCGAAGAAGCCAC,2,0,0,0,0,0,0,0,0,0
ACC8a_TGTTCATTCGGACGTC,3,0,0,0,0,0,0,0,0,0
ACA3_GAGCTGCCACACCGCA,10,1,0,0,0,0,0,0,0,0
ACC8a_GTAACCACATCACAGT,12,0,0,0,0,0,0,0,0,0
ACC13_CAGCACGCAGAATCGG,5,2,2,2,2,2,0,2,2,2
ACC8a_GCGGATCCAGGGACTA,0,0,0,0,0,0,0,0,0,0
ACA3_CAAGCTAAGCAATTCC,0,1,1,0,1,1,0,0,1,1
ACC8a_CAGATTGTCCTACCGT,5,2,0,0,0,0,0,0,0,0
NAd4_GGTGTCGGTAGCACGA,14,0,0,0,0,0,0,0,0,0
ACC8b_GAATAGACAACGGGTA,3,1,0,0,0,0,0,0,0,0
ACC8a_TACCGGGCATGCTGCG,3,0,0,0,0,0,0,0,0,0
ACC1a_GTTACCCAGAGTGACC,0,1,0,0,0,0,0,0,0,0
ACC8b_GGGTCTGCATCTTAGG,7,0,0,0,0,0,0,0,0,0
ACC8a_CACACAATCCGAAGGA,13,0,0,0,0,0,0,0,0,0
ACC8a_CATACAGCAAACGGCA,8,0,0,0,0,0,0,0,0,0
ACC8b_TGACGCGTCGAAATCC,14,0,0,0,0,0,0,0,0,0
ACC1a_CTGTGAATCGGTCATA,3,0,0,0,0,0,0,0,0,0
ACC8a_GCCAGGTAGAGGTTTA,0,1,0,0,0,0,0,0,0,0
ACC2b_GAAGGGTTCGCAACAT,2,0,0,0,0,0,0,0,0,0
ACC8b_AGACTCAAGGGTGAAA,0,0,0,0,0,0,0,0,0,0
ACA4_TTCCGGTAGTAGGGTC,1,0,0,0,0,0,0,0,0,0
ACC8b_GCATGATCAGATGCGA,6,0,0,0,0,0,0,0,0,0
ACA7_TAGCACAAGCACCAGA,11,2,2,0,0,0,0,0,0,0
PBMAH5_TCCTCCCGTTTACACG,0,0,0,0,0,0,0,0,0,0
ACC8a_GTGGAAGCAATACGAA,2,0,0,0,0,0,0,0,0,0
ACA1_GCGAGAATCAAAGCCT,0,0,0,0,0,0,0,0,0,0
PBMAH5_CAGGCCATCTCCAATT,0,0,0,0,0,0,0,0,0,0
PBMAH3_GATTCTTGTGGATTTC,0,0,0,0,0,0,0,0,0,0
NAd3_ATGGAGGTCCTGTTGC,8,0,0,0,0,0,0,0,0,0
PBMAH6_TTTACGTAGCCTCTCT,3,0,0,0,0,0,0,0,0,0
ACC2b_CGTAGTAAGTACTGGG,4,0,0,0,0,0,0,0,0,0
ACC8b_CCTCACAGTGCAATGG,1,0,0,0,0,0,0,0,0,0
ACA3_CCTGCATTCACACCGG,0,0,0,0,0,0,0,0,0,0
ACC8a_TTACCGCAGCAGATAT,2,0,0,0,0,0,0,0,0,0
ACC8b_CACTGTCTCGGTCTAA,6,1,0,0,0,0,0,0,0,0
ACC8b_CCTTTGGAGCACGATG,6,0,0,0,0,0,0,0,0,0
ACC8a_CAGCCAGAGTCCGCCA,0,0,0,0,0,0,0,0,0,0
ACC8a_ACCAAACGTCCTACGG,8,1,0,0,0,0,0,0,0,0
NAd2_TACCTGCCATCTCATT,5,0,0,0,0,0,0,0,0,0
ACC10_TGCGATACAGCTGCCA,0,0,0,0,0,0,0,0,0,0
ACC1a_ACACAGTGTGACGTCC,4,0,0,0,0,0,0,0,0,0
NAd1_ACACTGATCGGTCGGT,1,0,0,0,0,0,0,0,0,0
ACC8a_CCCTTAGGTTTGGAGG,0,0,0,0,0,0,0,0,0,0
PBMAH4_ATTTCTGAGGTCTACT,2,1,0,0,0,0,0,0,0,0
ACC8a_GGGCGTTAGACAAGCC,8,0,0,0,0,0,0,0,0,0
ACC8b_TGGTGATCATACTTTC,3,1,0,1,0,1,0,0,0,0
ACC8a_AATGACCAGGAGGTTC,9,0,0,0,0,0,0,0,0,0
NAd1_GCTGGGTTCGTTCGCT,3,0,0,0,0,0,0,0,0,0
PBMAH5_CTGCGAGTCGGCTGGT,0,0,0,0,0,0,0,0,0,0
ACA7_TGCTCGTCATCCTTCG,4,0,0,0,0,0,0,0,0,0
NAd4_ATGGGTTGTCGTACAT,2,0,0,0,0,0,0,0,0,0
ACC8b_CGCCAGAGTCAAACGG,0,0,0,1,0,0,0,0,0,0
ACC13_CACTGTCTCTGCGATA,1,2,2,0,0,2,0,0,0,0
ACA3_CGTTCTGGTACCCACG,10,0,0,0,0,0,0,0,0,0
ACC8a_TCAAGACGTACGATCT,6,0,0,0,0,0,0,0,0,0
ACC8a_CTCATTAAGGGAGAAT,2,0,0,0,0,0,0,0,0,0
ACC8a_CGAGGCTTCCTTTGAT,7,0,0,0,0,0,0,0,0,0
NAd1_CCGTAGGGTCAAGTTC,2,0,0,0,0,0,0,0,0,0
PBMAH5_TATCCTAAGCCACCGT,6,0,0,0,0,0,0,0,0,0
ACA2_TCTGTCGGTCTAGGTT,1,0,0,0,0,0,0,0,0,0
ACC8a_AGAACAATCGTGAGAG,1,0,1,0,0,0,0,0,0,0
PBMAH5_TCTATACGTAGCTGAG,5,0,0,0,0,0,0,0,0,0
ACC8a_GCTACAAAGGGAGTGG,4,0,0,0,0,0,0,0,0,0
ACC8a_ACCCAAATCTCGACGG,5,0,0,0,0,0,0,0,0,0
ACC1a_TTTCGATTCATCCCGT,7,1,0,0,0,0,0,0,0,0
NAd1_GCCATTCCACCCTAAA,0,0,0,0,0,0,0,0,0,0
ACC8a_ATTTCACTCTTCCAGC,0,0,0,0,0,0,0,0,0,0
ACA4_CAACAGTCACATAGCT,1,0,0,0,0,0,0,0,0,0
ACA7_ACGGAAGTCGGACTGC,1,2,2,0,0,0,0,0,0,0
ACC2a_GTGGTTAAGTCAAGCG,1,1,0,0,0,0,0,1,1,1
ACC8a_CCTGTTGTCAGCCTTC,0,0,0,0,0,0,0,0,0,0
ACC8a_TGGATGTGTCCTTTGC,4,0,0,0,0,0,0,0,0,0
ACC8a_AGGTCTATCGTAATGC,1,0,0,0,0,0,0,0,0,0
ACA1_TACCCGTTCGTGCACG,2,0,0,0,1,0,0,0,0,0
ACC8a_ATTACTCCAATGCAAA,8,1,0,0,0,0,0,0,0,0
NAd1_TGACAGTTCGTTGTAG,1,0,0,0,0,0,0,0,0,0
ACC8a_TACCCGTTCGTCCTCA,9,0,0,0,0,0,0,0,0,0
ACC8a_GAAGAATTCGCCAGAC,10,1,0,0,0,0,0,0,0,0
PBMAH5_AGCATCATCTCGTCGT,9,0,0,0,0,0,0,0,0,0
ACA3_AGATGCTAGTTGCTGT,0,0,0,0,0,0,0,0,0,0
PBMAH3_GGGTATTGTTGGGACA,3,2,0,0,0,0,0,0,0,0
ACC10_ACATCCCGTGGTCCGT,1,1,1,0,0,0,0,0,0,0
PBMAH3_TTAGGCAAGTTGAAAC,0,2,2,0,0,2,1,0,0,2
ACC1a_GGGCTCAGTCACGTGC,1,1,0,0,0,0,0,0,0,0
ACA1_ATGCATGAGCTAAACA,0,1,0,0,0,0,0,0,0,0
ACC8b_TACACCCAGGTTGTTC,0,0,0,0,0,0,0,0,0,0
NAd4_GCAGCTGGTTGCTCAA,3,0,0,0,0,0,0,0,0,0
ACA2_ATCACTTGTATGCTTG,10,0,0,0,0,0,0,0,0,0
ACC8a_TCATTACGTCGTCGGT,11,0,0,0,0,0,0,0,0,0
ACC8a_AGCTTCCGTGATATAG,13,0,0,0,0,0,0,0,0,0
ACC8a_CAGTTAGCAAGTTGGG,12,0,0,0,0,0,0,0,0,0
PBMAH2_CGTTAGAAGCCTGAAG,5,0,1,0,0,0,0,0,0,0
NAd4_GGGTCACGTATCTTCT,9,0,0,0,0,0,0,0,0,0
NAd1_GGGTTATTCCACAGCG,1,0,0,0,0,0,0,0,0,0
ACC8a_TGACTCCCACGGCCAT,7,1,0,0,0,0,0,0,0,0
ACA2_ATTTCTGAGCGTCTCG,4,1,0,0,0,0,0,0,0,0
ACC8a_AGGAATACAATCCAGT,13,0,0,0,0,0,0,0,0,0
ACA4_AGAAATGCAATGACCT,1,0,0,0,0,0,0,0,0,0
ACC8a_CTGAGGCCATGGGTTT,6,0,0,0,0,0,0,0,0,0
NAd4_TTTCAGTGTCCGGATC,11,0,0,0,0,0,0,0,0,0
ACC13_TATCGCCCAGGAGGTT,2,0,2,2,0,2,0,0,0,0
ACC8b_GATCACACAGCCGTCA,0,1,0,0,0,0,0,0,0,0
PBMAH3_TTCTAGTCAACTCCAA,1,2,2,2,2,2,1,2,2,2
ACA1_TGTTTGTAGATGTTCC,2,0,0,0,0,0,0,0,0,0
PBMAH1_TCCTAATGTGTTGATC,4,0,0,0,0,0,0,0,0,0
ACC8a_TTTGTTGCACGCTTAA,4,0,0,0,0,0,0,0,0,0
NAd1_ACACCAACAGTTGTCA,9,0,0,0,0,0,0,0,0,0
ACA7_TCATATCCAGGTGTGA,3,2,2,0,0,2,0,0,0,0
ACA4_ATATCCTAGTGCACAG,0,0,0,0,0,0,0,0,0,0
PBMAH2_GTCATTTCAAGGTCGA,14,2,0,0,0,0,0,0,0,0
PBMAH5_ACCCTCACAGCCGTCA,2,0,0,0,0,0,0,0,0,0
ACC8b_CGTAATGTCAAGGACG,7,0,0,0,0,0,0,0,0,0
ACC8b_TGATTTCCACATGGTT,7,1,0,0,0,0,0,0,0,0
ACC8a_GACCGTGCATTGTACG,3,0,0,0,0,0,0,0,0,0
ACA3_CTTCTAATCAATCTCT,0,0,0,0,1,0,0,0,0,0
ACC1a_AACGGGAGTGTCATCA,1,1,1,0,1,1,0,1,1,1
ACC8a_GTAACACAGTGCACTT,3,0,0,0,0,0,0,0,0,0
ACC8a_CCATAAGAGACGCCAA,11,0,0,0,0,0,0,0,0,0
PBMAH4_GGGCCATTCGTACCTC,7,0,0,0,0,0,0,0,0,0
NAd1_TTGTTTGGTGTCATCA,2,0,0,0,0,0,0,0,0,0
ACA2_CTAACCCAGCCGTCGT,11,0,0,0,0,0,0,0,0,0
NAd4_ATGCGATAGATTGCGG,1,0,0,0,0,0,0,0,0,0
ACC8b_GGTTAACTCTCAGAAC,11,0,0,1,0,0,0,0,0,0
ACA4_AAGGTAAGTCGGCCTA,10,0,0,0,0,0,0,0,0,0
ACA1_AGGGTCCCAACCACAT,0,0,0,0,0,0,0,0,0,0
ACA3_TTGCGTCGTCGAAGCA,13,0,0,0,0,0,0,0,0,0
NAd4_ATTCCATGTCGGTGTC,2,0,0,0,0,0,0,0,0,0
ACC1a_GGGTAGAAGGATTCCT,2,1,0,0,0,0,0,0,0,0
PBMAH5_GCAACCGAGCAACAGC,3,0,0,0,0,0,0,0,0,0
ACC8b_ACCCAAAGTACATTGC,4,1,0,0,0,0,0,0,0,0
ACC8a_GGTGTCGAGGTAAAGG,12,0,0,0,0,0,0,0,0,0
NAd2_CCCGAAGCACAGAAGC,0,0,0,0,0,0,0,0,0,0
NAd1_TTTGGTTTCCGTGGCA,9,1,0,0,1,1,0,0,1,1
ACA4_TTTATGCCAGTTGCGC,6,0,0,0,0,0,0,0,0,0
PBMAH5_TCATGCCCACCAATTG,0,0,0,0,0,0,0,0,0,0
ACA2_ATTATCCTCATGCTAG,5,1,1,0,0,0,0,0,0,0
NAd1_CGGAATTCAGTCTGGC,2,0,0,0,0,0,0,0,0,0
ACC8a_TTGGGTACAAGCGGAT,1,0,0,0,0,0,0,0,0,0
ACA7_TTTCATGGTCCTGAAT,6,0,2,2,0,0,0,0,0,0
PBMAH5_GCATCGGTCTATCGCC,2,0,0,0,0,0,0,0,0,0
PBMAH3_CGGGTGTCATCATTTC,5,1,1,1,0,1,0,0,1,0
ACC8a_CATTGCCTCAGGGATG,0,1,0,0,0,0,0,0,0,0
ACA8_TATTGCTTCCTAACAG,2,1,1,1,1,1,0,1,1,1
PBMAH5_GTCGCGACAGAACTTC,1,1,0,0,0,0,0,0,0,0
ACC8a_TCGCACTAGGACGCTA,1,0,2,0,0,0,0,0,0,0
NAd1_CACTGAAAGAGCCCAA,0,0,0,0,0,0,0,0,0,0
ACC8a_TGAATCGGTGCGCTCA,8,1,0,0,0,0,0,0,0,0
ACC8a_ATGCGATGTTAAGCAA,1,0,0,0,0,0,0,0,0,0
NAd3_TTGAACGCAGCAGTTT,6,0,0,0,0,0,0,0,0,0
PBMAH5_AGGAGGTTCGAACACT,2,0,0,0,0,0,0,0,0,0
ACC8a_CTCATTAAGGGTCTTT,3,0,0,0,0,0,0,0,0,0
ACA2_CTCAGAACACGTCTCT,13,1,0,0,0,0,0,0,0,0
NAd1_TGGTTAGCACCTGCAG,2,0,0,0,0,0,0,0,0,0
ACA8_GGGAGATAGAAGCTGC,0,0,0,0,0,0,0,0,0,0
NAd3_TACCCGTCATAGAAAC,1,0,0,0,0,0,0,0,0,0
ACA7_TCTTGCGGTGGAAGTC,2,0,2,0,0,0,0,0,0,0
PBMAH3_AATCGACGTGATAGTA,0,0,0,0,0,0,0,0,0,0
PBMAH4_CAGCGTGCAGAAGCTG,11,0,0,0,0,0,0,0,0,0
ACC8a_TCCTTCTTCAAGGAGC,7,0,0,0,0,0,0,0,0,0
ACC8a_TAATTCCAGTAAATGC,0,0,0,0,0,0,0,0,0,0
PBMAH1_ACTCTCGTCACTTGTT,1,0,0,0,0,0,0,0,0,0
PBMAH5_GGTCTGGGTCTCACAA,6,0,0,0,0,0,0,0,0,0
ACC8a_CTATCTAAGGTAAGAG,6,0,0,0,0,0,0,0,0,0
PBMAH4_GATCATGTCTGTCTCG,6,0,0,0,0,0,0,0,0,0
ACC16_CCACACTAGTGGCGAT,1,0,2,0,2,2,0,0,0,0
ACC8a_CAACGATTCTTGCAAG,0,0,0,0,0,0,0,0,0,0
ACC8b_AACGTCACACCATAAC,2,0,0,0,0,0,0,0,0,0
ACC1a_CTGATCCAGTGCTCGC,1,1,0,1,0,1,0,1,1,1
NAd4_CTTCTAAGTTGCTTGA,1,0,0,0,0,0,0,0,0,0
ACC8b_TCGCAGGGTACTGAGG,1,0,0,0,0,0,0,0,0,0
ACC8a_GAGAGGTGTTTCGTAG,0,0,0,0,0,0,0,0,0,0
PBMAH4_CACAGGCGTTCACCGG,7,0,0,0,0,0,0,0,0,0
ACC1a_GTGTGGCAGTGGACTG,12,0,0,0,0,0,0,0,0,0
PBMAH3_GGGACTCGTTTACGAC,4,0,0,0,0,0,0,0,0,0
ACC8b_CCGGACACAAGTCGTT,0,0,1,0,1,0,0,0,0,0
ACA4_AGACAAAAGGGATCGT,9,0,0,0,0,0,0,0,0,0
ACA1_AGATGAAAGTTAGTAG,9,0,0,0,0,0,0,0,0,0
ACA4_AACGAAATCTCACCCA,9,0,0,0,0,0,0,0,0,0
ACC8b_CCGATCTAGCAGCACA,11,0,0,0,0,0,0,0,0,0
ACC8a_GCTGAATGTTTACGTG,2,0,0,0,0,0,0,0,0,0
ACC8b_GCACGGTAGACATCCT,2,0,0,0,0,0,0,0,0,0
ACA3_TAGGTTGAGATGCTAA,1,0,0,0,0,0,0,0,0,0
ACC8a_AGGTCATTCGGTTGTA,0,0,0,0,0,0,0,0,0,0
ACC8a_TGAGGGAGTGTCCGTG,9,0,0,0,0,0,0,0,0,0
ACC2a_TTCGATTGTTGCTCAA,4,0,1,0,1,1,0,1,1,1
NAd1_AGTGATCCACGTCATA,8,0,0,0,0,0,0,0,0,0
ACC8a_TTCCGGTGTCGTTCAA,1,0,0,0,0,0,0,0,0,0
NAd1_AAGCCATAGTAATACG,1,0,0,0,0,0,0,0,0,0
ACC8b_TAGACTGTCCTGCTAC,0,0,0,0,0,0,0,0,0,0
ACC8a_TACCCACCACAGCGCT,7,0,0,0,0,0,0,0,0,0
ACA2_TCGGGCAAGAGTCAGC,9,0,0,0,0,0,0,0,0,0
ACC8a_ATCACGATCGCTATTT,1,0,0,0,0,0,0,0,0,0
ACC8a_CGGTCAGCAGGTCCGT,6,0,0,0,0,0,0,0,0,0
NAd4_GTAGGAGTCGACGACC,5,0,0,0,0,0,0,0,0,0
ACC1a_AGACCCGGTTTCCAAG,6,2,0,0,0,0,0,0,0,0
ACC8a_TGTCAGAGTACAAGTA,0,1,0,0,0,0,0,0,0,0
ACC8a_AGGATAATCATTACCT,11,0,0,0,0,0,0,0,0,0
ACA1_GGGCTCACATTGAAGA,2,0,0,0,0,0,0,0,0,0
ACC8b_TCCTTTCCAGGGTCTC,14,0,0,0,0,0,0,0,0,0
ACC8b_ATAGAGAAGGCCCAAA,0,0,0,0,0,0,0,0,0,0
PBMAH3_CCTATCGGTGTATTGC,2,2,2,2,2,2,1,2,2,2
ACA8_CATACAGTCGCCTATC,0,0,0,0,0,0,0,0,0,0
ACA4_CATTGAGCAGTCGTTA,1,0,0,0,0,0,0,0,0,0
PBMAH3_ATCGTGAGTGCTAGCC,0,2,2,0,0,0,0,0,0,0
PBMAH3_TCGATTTCAATCGCGC,10,1,1,0,0,0,0,0,0,0
ACA2_CACGTTCAGCTACTGT,3,0,0,0,0,0,0,0,0,0
PBMAH4_CTCCAACAGGATATGT,0,1,0,0,0,0,0,0,0,0
ACC8a_TAGGGTTTCCTATTTG,7,0,0,0,0,0,0,0,0,0
ACA1_GAGAGGTAGAGGCGGA,10,0,0,0,0,0,0,0,0,0
PBMAH5_CGTAGTAGTACTGCCG,5,0,0,0,0,0,0,0,0,0
PBMAH5_GTTATGGGTTCCGCAG,13,0,0,0,0,0,0,0,0,0
ACC8b_ATCGTGACATGGGTTT,11,0,0,0,0,0,0,0,0,0
NAd1_GCAACCGCAGTTTGGT,2,0,0,0,0,0,0,0,0,0
ACC8a_GTGTTCCGTTGGCCTG,6,0,0,0,0,0,0,0,0,0
ACA3_GACTGATAGAATTTGG,1,0,0,0,0,0,0,0,0,0
ACC8a_ATGGAGGTCGGAGATG,0,1,0,0,0,0,0,0,0,0
ACA1_GTTAGACTCGACGTCG,9,0,0,0,0,0,0,0,0,0
ACC1a_CAACGATCACTTGAAC,1,0,0,0,0,0,0,0,0,0
ACC1a_AACAACCAGGCGCTCT,2,0,0,0,0,0,0,0,0,0
PBMAH5_AATCGACCATGGAAGC,3,0,0,0,0,1,0,0,0,0
ACC8a_CTTTCGGCAACCCTCT,7,0,0,0,0,0,0,0,0,0
ACC2a_CCTCCAACACAGTGAG,9,0,1,0,1,0,0,0,0,0
PBMAH6_GAGTCATTCTTGTGCC,2,0,0,0,0,0,0,0,0,0
ACA3_GCGATCGGTGCTGCAC,1,0,0,0,0,0,0,0,0,0
ACA7_TATCGCCTCAGCTGTA,3,0,0,0,0,0,0,0,0,0
NAd4_CTACGGGCATCTTAGG,0,0,0,0,0,0,0,0,0,0
ACA8_AGGAAATTCTCTATAC,0,0,0,0,0,0,0,0,0,0
NAd1_TCACACCAGAGCTTTC,2,0,0,0,0,0,0,0,0,0
ACA7_CCTCATGGTCGTCTCT,0,0,2,0,0,0,0,0,0,0
ACC8b_TTTGTTGCACTACTTT,4,0,0,0,0,0,0,0,0,0
ACC8a_TCAAGTGCAATCCTAG,13,0,0,0,0,0,0,0,0,0
PBMAH3_TCTACATAGAAATTGC,4,2,2,2,2,2,1,2,2,2
ACC11_AGGATCTCAGGTAGTG,11,1,2,0,0,1,0,1,1,1
PBMAH5_TATCTTGCAATCGCGC,1,0,0,0,0,0,0,0,0,0
NAd1_ACCCAAATCATAGCAC,7,0,0,0,0,0,0,0,0,0
NAd1_TTCCACGGTGCAACAG,2,0,0,0,0,0,0,0,0,0
NAd1_TTTCGATAGACCATAA,7,0,0,0,0,0,0,0,0,0
ACC8b_TTCGCTGTCTAGGCCG,0,1,1,1,0,1,0,1,0,1
ACA1_AGGTCATCACAGTATC,0,0,0,0,0,0,0,0,0,0
ACA1_TCAAGACGTCTGTTAG,2,0,0,0,0,0,0,0,0,0
PBMAH2_GTTAGTGTCGGAAACG,5,1,0,0,0,0,0,0,0,0
ACC8b_CCAAGCGGTAAGTTAG,12,1,0,0,1,0,0,0,0,0
ACC8a_GTCATGAAGCCGATTT,0,1,0,0,0,0,0,0,0,0
NAd4_TCTATCACAATCACGT,1,0,0,0,0,0,0,0,0,0
ACC4_CTGAGGCGTCTTCCGT,0,1,1,1,1,1,0,1,1,1
NAd1_CTACCCAAGATACGAT,1,0,0,0,0,0,0,0,0,0
ACA2_ACATCGAGTAACTGCT,0,1,0,0,0,0,0,0,0,0
NAd1_ATGCGATGTATCGCAT,12,0,0,0,0,0,0,0,0,0
ACA2_AAGTGAACAGTGTATC,1,1,0,0,0,0,0,0,0,0
ACA2_CTCTGGTCAATGGCCC,0,1,0,0,0,0,0,0,0,0
ACC16_GTGACGCCATAGCTGT,7,0,0,0,0,0,0,0,0,0
ACC8a_AGTAACCAGGTTTGAA,13,0,0,0,0,0,0,0,0,0
PBMAH4_CTTTCAAAGAAGCTCG,9,0,0,0,0,0,0,0,0,0
PBMAH5_TGGGAAGGTCTGCAAT,1,0,1,0,0,0,0,0,0,0
PBMAH4_CGTGAATCATACCAGT,1,0,0,0,0,0,0,0,0,0
ACA7_TCTACATAGTCATGCT,4,0,2,0,0,0,0,0,0,0
ACC8a_GAGTCATTCATTGGTG,7,1,0,0,0,0,0,0,0,0
ACC8a_ACTCTCGAGCGCCCAT,13,0,0,0,0,0,0,0,0,0
ACC8a_TTCACCGGTTCGAGCC,11,0,0,0,0,0,0,0,0,0
NAd3_TAGGAGGAGAATCGTA,0,0,0,0,0,0,0,0,0,0
ACC1a_GACCAATTCACTTGGA,7,0,0,0,0,0,0,0,0,0
NAd4_GGCTTGGCAGTGACCC,1,0,0,0,0,0,0,0,0,0
NAd4_TGGTTAGGTCGAATGG,1,0,0,0,0,0,0,0,0,0
NAd4_TCACAAGAGTAGCAAT,12,0,0,0,0,0,0,0,0,0
PBMAH5_TAAGCCAAGTACAACA,2,0,0,0,0,0,0,0,0,0
ACC8b_GTTGTAGTCTGGGATT,1,0,0,0,0,0,0,0,0,0
ACA2_ATCACAGGTCAAGCGA,3,0,0,0,0,0,0,0,0,0
ACC8a_TATCTGTTCTGAATCG,0,0,0,0,0,0,0,0,0,0
ACC8a_AGATGAAGTACTGTTG,4,0,2,0,0,0,0,0,0,0
ACC8a_GCATTAGCAGTCTCTC,8,1,0,0,0,1,0,0,0,0
NAd1_TCTCCGATCTAACGGT,2,0,0,0,0,0,0,0,0,0
ACC8a_TACCCACAGTACTGTC,12,1,0,0,0,0,0,0,0,0
ACC10_GGGAGTATCATGGGAG,5,0,0,0,0,0,0,0,1,0
ACC8a_CGAATTGGTAGATCGG,4,0,0,0,0,0,0,0,0,0
NAd4_ATGCGATAGAGAGTGA,3,1,0,0,0,0,0,0,0,0
PBMAH4_CTAAGTGAGAGTACCG,11,0,0,0,1,0,0,0,0,0
PBMAH5_GGATCTAGTCAGGAGT,12,0,0,0,0,0,0,0,0,0
NAd2_GGTTCTCCATCGAGCC,9,2,2,0,0,0,0,0,0,0
PBMAH5_GCCATGGGTACTGCGC,0,0,0,0,0,0,0,0,0,0
ACA3_TGCGATATCTATTGTC,11,1,0,0,0,0,0,0,0,0
PBMAH3_AAACGAAAGGCTTAGG,5,0,0,0,0,0,0,0,0,0
ACA4_GACTATGGTGGCTAGA,3,1,1,1,1,1,0,1,1,1
ACA7_TTCTTGACATACAGGG,5,0,0,0,0,0,0,0,0,0
ACA3_GGGAAGTGTCAGTCTA,10,0,0,0,0,0,0,0,0,0
ACC8a_TTTACTGCACTTCATT,8,2,0,0,0,0,0,0,0,0
ACA4_ACATTTCTCTGTAAGC,6,0,0,0,0,0,0,0,0,0
PBMAH5_TGCACGGAGCATCTTG,2,1,0,0,0,0,0,0,0,0
ACC8a_TACAACGCAGCCATTA,4,0,0,0,0,0,0,0,0,0
ACC8a_ATGCCTCGTCGCATCG,7,0,0,0,0,0,0,0,0,0
PBMAH2_AGTCATGGTCGCATGC,0,0,0,0,0,0,0,0,0,0
ACA2_TTTACGTTCATCTGTT,4,1,0,1,0,0,0,1,0,0
NAd2_CTCCCTCCACGGGCTT,0,0,0,0,0,0,0,0,0,0
ACC8a_AGTAGCTCAGTAACAA,4,0,0,0,0,0,0,0,0,0
ACA7_GCATCTCAGGTATAGT,7,0,0,0,0,0,0,0,0,0
ACA2_TGGGAGATCCAGCCTT,1,0,0,0,0,0,0,0,0,0
NAd3_ACCGTTCTCCTTCTTC,2,0,0,1,0,0,0,0,0,0
ACC1a_GTATTGGTCTAGGCCG,9,0,0,0,0,0,0,0,0,0
ACA4_ACCTACCAGCAACTTC,9,0,0,0,0,0,0,0,0,0
NAd3_TCTAACTAGGAAGTCC,0,0,2,0,0,0,0,0,0,0
ACC10_GTTACAGAGTCTACCA,0,1,1,1,1,1,0,1,1,1
PBMAH5_TCAATCTTCCACACCT,6,0,0,0,0,0,0,0,0,0
ACA8_GCTGCAGGTCTGATAC,12,0,0,0,0,0,0,0,0,0
ACA2_GAACACTTCAACTTTC,1,0,1,0,0,0,0,1,0,1
ACA4_TGCGACGAGTAACGAT,9,1,1,1,1,1,0,1,1,1
ACC8a_AGAGAATTCACCACAA,6,0,1,1,0,0,0,0,0,0
NAd4_CTTGATTTCGGCTCTT,11,0,0,0,0,0,0,0,0,0
ACC8a_CTACGGGAGTTCAACC,11,0,0,0,0,0,0,0,0,0
ACC8a_CTGTGGGCAATGTCAC,14,0,0,0,0,0,0,0,0,0
ACC8a_ATTACTCGTCACTCAA,6,0,0,0,0,0,0,0,0,0
ACA1_TGGCGTGGTGATAGTA,0,0,0,0,0,0,0,0,0,1
PBMAH1_TCGCAGGAGGTCTGGA,0,2,2,2,2,2,1,0,2,2
ACA1_AGGTCATCAAGAGAGA,0,0,0,0,0,0,0,0,0,0
ACC8a_ACTGCAACACCTATCC,9,1,0,0,0,0,0,0,0,0
ACC8a_GTGATGTGTTAACAGA,7,0,0,0,0,0,0,0,0,0
ACC8b_TCATCATTCATGGATC,7,1,1,0,0,0,0,0,0,0
ACC8b_GCCAGTGGTCATAACC,0,0,0,0,0,0,0,0,0,0
ACA2_ATCTCTAGTGAATGTA,13,0,1,0,0,0,0,0,0,0
ACC8a_GGGAGATTCGGTCTAA,8,0,0,0,0,0,0,0,0,0
PBMAH1_CAGCAATGTCTGCAAT,1,0,0,0,0,0,0,0,0,0
ACC8a_ATAGACCGTTGGGCCT,12,0,0,0,0,0,0,0,0,0
ACA8_TATCTGTGTATGACAA,1,0,0,0,0,0,0,0,0,0
ACC8a_TGCATGAGTACCGGCT,6,0,0,0,0,0,0,0,0,0
ACA2_TGGGTTAGTGGGATTG,5,0,0,0,0,0,0,0,0,0
NAd2_CACGTTCCACAACCGC,6,0,0,0,0,0,0,0,0,0
PBMAH3_AACGAAAAGCAAGTGC,0,0,1,1,1,0,0,0,0,0
ACA3_CCGTTCATCAATCTTC,7,0,0,0,0,0,0,0,0,0
ACC1a_CTGTATTCATTCGATG,2,0,1,0,0,0,0,0,0,0
ACA4_GGGTGAATCTACTGCC,0,0,0,0,0,0,0,0,0,0
NAd1_AAACCCAGTACAGCGA,4,0,0,0,0,0,0,0,0,0
PBMAH5_CAACAACTCCCTGGTT,0,0,0,0,0,0,0,0,0,0
PBMAH4_AGGTTACTCACTCTTA,6,0,0,0,0,0,0,0,0,0
NAd4_CTACAGACAAGCACCC,6,0,0,0,0,0,0,0,0,0
ACC8a_ATGTCCCCAAGGGTCA,3,0,0,0,0,0,0,0,0,0
ACC8b_GGTGATTGTTGGGACA,4,0,0,0,0,0,0,0,0,0
NAd4_AACACACCAAATGGCG,1,0,0,0,0,0,0,0,0,0
ACC8a_TACTTACTCCGGCTTT,9,0,0,0,0,0,0,0,0,0
ACC8a_GAAGCGATCAACGAGG,8,0,0,0,0,0,0,0,0,0
ACC8a_TCGGGACAGAAGCCTG,1,0,0,0,0,0,0,0,0,0
ACC8a_AGGGTGATCATAGGCT,12,0,0,0,0,0,0,0,0,0
ACC8a_TGAGGGACAATCAGCT,13,0,0,0,0,0,0,0,0,0
NAd1_CGCGTGATCACCTGGG,10,0,0,0,0,0,0,0,0,0
PBMAH5_AGGAATATCTGTCTCG,5,0,0,0,0,0,0,0,0,0
ACC8a_TCAGCCTCAAAGGCGT,8,0,0,0,0,0,0,0,0,0
ACC8b_TAGACCAAGCTTTCTT,0,0,0,0,0,0,0,0,0,0
ACC8a_CATGGATCATTGAGGG,10,0,0,0,0,0,0,0,0,0
NAd3_GTTATGGCATGCCGCA,8,0,0,0,0,0,0,0,0,0
NAd1_AGGATAACATCTCATT,3,0,2,2,0,0,0,0,0,0
ACC10_CTTGAGAGTACAGTAA,12,0,0,0,0,0,0,0,0,0
PBMAH5_TCAGCAAAGAAGTCAT,4,1,2,0,0,2,0,0,0,0
ACC1a_GTCTCACTCCGACATA,5,0,0,0,0,0,0,0,0,0
NAd1_CTTCAATGTGTAGCAG,0,0,0,0,0,0,0,0,0,0
NAd1_ATGACCATCCATTGTT,1,0,0,0,0,0,0,0,0,0
NAd3_CGACAGCAGAAGCGAA,9,2,2,0,0,2,0,0,0,0
ACA2_CAGGCCAGTACCCGAC,3,1,1,1,0,0,0,0,0,0
ACC8a_GTTGTCCTCGTAACCA,8,0,0,0,0,0,0,0,0,0
NAd2_TGGAGAGAGCGTGCTC,1,0,0,0,0,0,0,0,0,0
PBMAH3_CTCCTCCTCCTGTAAG,4,2,2,2,0,2,1,2,2,2
ACC8a_CATAGACAGATTGGGC,0,0,0,0,0,0,0,0,0,0
ACC4_CTGCCTACAATAGTAG,2,1,0,0,0,0,0,0,0,0
ACC8a_AGTGTTGGTCCAGTTA,6,0,0,0,0,0,0,0,0,0
NAd1_CTCCACATCCATCGTC,2,0,0,0,0,0,0,0,0,0
ACC2a_CTGCCTACAGTCGTTA,2,0,0,0,1,0,0,0,0,0
ACA7_TGAACGTAGCCAAGTG,1,2,0,0,0,0,0,0,0,0
ACC13_CGGAGAACAGGAACCA,3,0,0,0,0,0,0,0,0,0
PBMAH5_TGTCCCAAGGTAACTA,11,0,0,0,0,0,0,0,0,0
ACA1_TCCTGCAAGAAAGTCT,1,0,0,0,0,0,0,0,0,0
PBMAH6_TCGAACAAGACTCTTG,7,0,0,0,1,0,0,0,0,0
ACC8a_CTGCAGGGTCCTCAGG,8,0,0,0,0,0,0,0,0,0
NAd4_ACAAAGACAATGTCAC,1,0,0,0,0,0,0,0,0,0
NAd3_CACGTGGAGATGAATC,1,0,0,0,0,0,0,0,0,0
ACA1_TTCCGGTTCCAATGCA,10,0,0,0,0,0,0,0,0,0
ACA8_CACTGGGAGCGCCATC,1,2,2,2,0,2,0,0,0,0
ACC8a_GTCAAACAGAGGGTCT,11,0,0,0,0,0,0,0,0,0
ACA2_TAGGTTGCAATCGTCA,5,0,0,0,0,0,0,0,0,0
ACA2_GGTTAACGTCGGCCTA,2,1,0,0,0,0,0,0,0,0
ACC8a_GGGCGTTCAACTGAAA,0,0,0,0,0,0,0,0,0,0
PBMAH3_TATCGCCAGGCTCAAG,2,0,0,0,0,0,0,0,0,0
ACA1_GTTCCGTGTGCAGTGA,9,1,0,0,0,0,0,0,0,0
ACA2_TGATGCAAGCCTCGTG,7,1,0,0,0,0,0,0,0,0
NAd1_CATTCCGCAAAGCTAA,0,0,0,0,0,0,0,0,0,0
ACC8a_GTGATGTAGTCGGGAT,4,0,0,0,0,0,0,0,0,0
ACC8b_TTGTTCATCGTACCTC,3,1,0,0,0,0,0,0,0,0
PBMAH5_TCATGGACAGCATTGT,2,2,0,0,0,0,0,0,0,0
NAd4_TACGTCCTCATGTCTT,1,0,0,0,0,0,0,0,0,0
NAd1_ATTGGGTAGAGTCACG,6,0,0,0,0,0,0,0,0,0
PBMAH1_CTGGTCTCAAATACAG,12,2,2,0,0,2,1,2,0,0
ACC13_TCGGGCATCGCCGATG,1,0,2,2,0,2,0,0,0,0
ACC8a_ACTATTCTCTTTGCAT,3,0,0,1,0,0,0,0,0,0
ACC8a_ACATTTCGTTCCTAAG,8,0,0,0,0,0,0,0,0,0
ACC8a_CAAGCTATCATCCCGT,0,1,0,0,0,0,0,0,0,0
PBMAH5_TTGTTTGCAGCTGCCA,14,0,0,0,0,0,0,0,0,0
ACA5_GATGACTTCACGACTA,6,0,0,0,0,0,0,0,0,0
ACA5_TCATGGAAGTGCTAGG,4,0,0,0,0,0,0,0,0,0
ACA5_AGTGACTAGCAACAGC,7,0,0,0,0,0,0,0,0,0
ACA5_GGTGAAGCACCTTCCA,6,0,0,0,0,0,0,0,0,0
ACA5_CGAGTTATCGAGAGCA,0,0,0,0,0,0,0,0,0,0
ACA5_GAACACTCACGTAACT,0,0,0,0,0,0,0,0,0,0
ACA5_TTGACCCGTTCGAGCC,0,0,0,0,0,0,0,0,0,0
ACA5_TCGACGGGTTGGCTAT,8,0,0,0,0,0,0,0,0,0
ACA5_TTCATGTTCCTAGCTC,1,0,0,0,0,0,0,0,0,0
ACA5_TGGGCGTCACTATCGA,3,0,0,0,0,0,0,0,0,0
ACA5_AGTGCCGTCTTCCCAG,2,0,0,0,0,0,0,0,0,0
ACA5_GCCATGGGTGATGAAT,11,0,0,0,0,0,0,0,0,0
ACA5_GGAACCCAGACTAGAT,11,0,0,0,0,0,0,0,0,0
ACA5_TGACCCTCACCATATG,3,0,0,0,0,0,0,0,0,0
ACA5_GAGGCAATCTGGAGAG,3,0,0,0,0,0,0,0,0,0
ACA5_TCTCTGGCAGTCTTCC,3,0,0,0,0,0,0,0,0,0
ACA5_CTCAAGAGTACCAGAG,0,0,0,0,0,0,0,0,0,0
ACA5_CTTCGGTCACAAATCC,2,0,0,0,0,0,0,0,0,0
ACA5_GTAATCGCACCCAAGC,0,0,0,0,0,0,0,0,0,0
ACA5_CATGCGGTCGGAATTC,11,0,0,0,0,0,0,0,0,0
ACA5_CAACCTCCACGTAGTT,11,0,0,0,0,0,0,0,0,0
ACA5_GTAATGCCAGTCTTCC,1,0,0,0,0,0,0,0,0,0
ACA5_GTCATCCAGTCCCTAA,3,0,0,0,0,0,0,0,0,0
ACA5_CACTTCGCAAAGGGCT,3,0,0,0,0,0,0,0,0,0
ACA5_CGGAACCCATGTCTAG,3,0,0,0,0,0,0,0,0,0
ACA5_TCATCATAGAGGCGTT,1,0,0,0,0,0,0,0,0,0
ACA5_ACGTACATCGCTCTAC,0,0,0,0,0,0,0,0,0,0
ACA5_CGTTGGGTCAGCAATC,0,0,0,0,0,0,0,0,0,0
ACA5_CTCTGGTAGGTGCTGA,2,0,0,0,0,0,0,0,0,0
ACA5_GTCCACTAGTCTGGAG,9,0,0,0,0,0,0,0,0,0
ACA5_ATGGTTGTCGGATTAC,1,0,0,0,0,0,0,0,0,0
ACA5_CGTAAGTGTCGCAACC,1,0,0,0,0,0,0,0,0,0
ACA5_TGCGGGTAGGAGGTTC,4,0,0,0,0,0,0,0,0,0
ACA5_TTGCTGCCAAACTAAG,7,0,0,0,0,0,0,0,0,0
ACA5_GACCTTCGTCCCTAAA,2,0,0,0,0,0,0,0,0,0
ACA5_AGAACAATCGTTCTAT,9,0,0,0,0,0,0,0,0,0
ACA5_AGGGCTCCAATCGCAT,1,0,0,0,0,0,0,0,0,0
ACA5_TCCACGTCAAGCCTGC,3,0,0,0,0,0,0,0,0,0
ACA5_ACATCCCAGTATGAAC,1,0,0,0,0,0,0,0,0,0
ACA5_AGCTCAATCACTGCTC,1,0,0,0,0,0,0,0,0,0
ACA5_GGTCTGGGTGTCTCCT,6,0,0,0,0,0,0,0,0,0
ACA5_AGGGCCTAGGCCACCT,1,0,0,0,0,0,0,0,0,0
NAd4_TGTTCCGAGTCAATCC,9,0,0,1,0,0,0,0,0,0
ACA5_CGGGACTTCAATCAGC,7,0,0,0,0,0,0,0,0,0
ACA5_TTTATGCGTACCACGC,9,0,0,0,0,0,0,0,0,0
ACA5_CACTGTCCATGTTCAG,1,0,0,0,0,0,0,0,0,0
ACA5_TGACCCTAGTGCAACG,6,0,0,0,0,0,0,0,0,0
ACA5_GCTACCTTCCAAAGGG,9,0,0,0,0,0,0,0,0,0
ACA5_ATGGATCCAATTGCTG,1,0,0,0,0,0,0,0,0,0
ACA5_ACCAAACCAGCGAGTA,6,0,0,0,0,0,0,0,0,0
ACA5_TTGTTCACAAGACAAT,9,0,0,0,0,0,0,0,0,0
ACA5_GGTTGTAGTACTCGAT,0,0,0,0,0,0,0,0,0,0
ACC2a_CCTACGTTCTGTAACG,10,0,1,1,1,1,0,1,1,1
ACC2a_ACGATGTGTCCACACG,2,1,1,0,1,1,0,1,1,1
ACC2a_TTTGATCCAGTAGATA,1,1,1,1,1,1,0,1,1,1
ACC8b_CTGTGAACACTGTGAT,2,1,1,0,1,1,0,1,1,1
ACC2a_CATACAGTCCAACACA,6,1,1,1,1,1,0,1,1,1
ACC2a_GTCAAGTTCGCGCTGA,1,1,1,1,1,1,0,1,1,1
ACC2a_CTACAGACAACAGCCC,1,1,1,1,1,1,0,1,1,1
ACC2a_ACAACCAAGAAACTGT,1,1,1,1,1,1,0,1,1,1
ACC2a_CTTCTCTCAACTTCTT,7,0,0,0,1,1,0,1,0,1
ACC2a_GCATCTCGTAGCGCCT,1,1,1,1,1,1,0,1,1,1
ACC2a_GTAGCTAGTGTGTCGC,2,1,1,1,1,1,0,1,1,1
ACC2a_GTACAACGTAGGACTG,2,1,1,1,1,1,0,1,1,1
ACC2a_AGTAGTCCAACGATTC,14,1,1,1,1,1,0,1,1,1
ACC2a_GTGAGTTGTAGGCAAC,0,1,1,1,1,1,0,1,1,1
ACC2a_TACATTCCAACAAGTA,6,1,0,1,1,1,0,1,1,1
ACC2a_TTGTGGACAATGAGCG,1,1,0,0,1,1,0,1,0,1
ACC2a_GGTCACGAGGCGTTGA,2,1,1,1,1,1,0,1,1,1
ACC2a_CAGTTAGAGGATACCG,1,1,1,1,1,1,0,1,1,1
ACC8b_GACGCTGAGCGTGCTC,1,0,1,0,0,0,0,0,0,0
ACC2a_ACATCGAAGGATTTGA,5,1,1,1,1,1,0,1,1,1
ACC2a_ACGATCAGTGAGATAT,3,0,1,0,1,1,0,1,1,1
ACC2a_TACGGGCAGCCATTCA,1,0,1,0,1,0,0,0,0,0
ACC2a_TCAAGACGTAGACGTG,10,1,1,1,1,1,0,1,1,1
ACC2a_TTCGATTTCTATTCGT,2,1,1,1,1,1,0,1,1,1
ACC2a_CCGGTGATCGCATTGA,13,1,1,1,1,1,0,1,1,1
ACC8b_CTATCTAGTCGACTGC,7,1,1,1,1,1,0,1,1,1
ACC2a_TCAGTGAGTGGCTTAT,7,1,1,1,1,1,0,1,1,1
ACC2a_TCACATTTCCTCAGAA,5,1,1,0,0,0,0,0,0,0
ACC2a_TACACCCAGTCGTCTA,8,1,1,1,0,1,0,1,1,1
ACC2a_CATAGACGTGGTCTAT,6,1,1,1,1,1,0,1,1,1
ACC2a_GATTGGTGTAAGTAGT,0,1,1,1,1,1,0,1,1,1
ACC2a_CATGGATGTTGGTGTT,5,1,1,1,1,1,0,1,1,1
ACC2a_ACACAGTAGTCTCGTA,3,1,1,1,1,1,0,1,1,1
ACC2a_AGTACTGAGGACAAGA,0,1,1,1,1,1,0,1,1,1
ACC2a_TTACCATAGATGGCGT,6,1,1,1,1,1,0,1,1,1
ACC2a_GGACGTCCACTAACCA,0,1,1,1,1,1,0,1,1,1
ACC2a_GTTGAACGTACGTGTT,6,1,0,1,1,1,0,1,1,1
ACC2a_ATCACTTCATAGGCGA,8,1,1,1,1,1,0,1,1,1
ACC2a_AGCCAGCGTCCAATCA,0,1,1,1,1,1,0,1,1,1
ACC2a_GACGTTACATTCCTAT,8,1,1,1,1,1,0,1,1,1
ACC2a_GAGTGAGGTCAGACTT,1,1,1,1,1,1,0,1,1,1
ACC2a_GATCACAGTCCAAGAG,4,1,1,1,1,1,0,1,1,1
ACC2a_GTAACCAGTTGTTTGG,0,1,1,1,1,1,0,1,1,1
ACC2a_ATGATCGTCGCTAAAC,2,1,1,1,1,1,0,1,1,1
ACC2a_TGAGCATTCTAACGCA,1,1,1,0,1,1,0,1,1,1
ACC2a_TATCTGTTCCTGATAG,6,0,0,1,0,0,0,0,0,0
ACC2a_GGATCTACAAAGCACG,7,1,1,1,1,1,0,1,1,1
ACA2_GAAATGAAGGTTCCGC,8,0,1,0,1,0,0,0,0,0
ACC2a_CATCAAGAGAGCGACT,8,1,1,1,1,1,0,1,1,1
ACC2a_TAGGTTGAGTCAAGCG,7,1,1,1,1,1,0,1,1,1
ACC2a_AGGTGTTTCCATTTCA,9,1,1,1,1,1,0,1,1,1
ACC2a_GGTCACGCATTCTCCG,5,1,1,1,1,1,0,1,1,1
ACC2a_CGAGTTACACTTGAAC,2,1,1,0,1,1,0,1,1,1
ACC2a_TAGGTTGCACATATCG,1,1,1,0,0,1,0,0,1,1
ACC2a_AGCCAATGTCACTAGT,1,1,1,1,1,1,0,1,1,1
ACC2a_TTGCTGCAGCGGCTCT,6,1,1,1,1,1,0,1,1,1
ACC2a_TAGGAGGAGGGACACT,11,1,1,1,0,1,0,1,1,1
ACC2a_GAGAGGTTCTCATTGT,2,1,1,0,1,1,0,1,1,1
ACC2a_AGAGAGCCACAAGCTT,7,1,1,1,1,1,0,1,1,1
ACC2a_CGGGTCAAGGCTGAAC,2,1,1,1,1,1,0,1,1,1
ACC2a_TGTCCACCATTAGGCT,0,1,1,1,1,1,0,1,1,1
ACC2a_TGCGATAGTAACCCGC,0,1,1,1,1,1,0,1,1,1
ACC8a_TATTGCTTCCCTCGTA,1,1,1,1,1,1,0,1,1,1
ACC2a_CCCGGAATCTCAGTCC,5,1,1,1,1,1,0,1,1,1
ACC2a_TACGTCCAGGACAACC,9,1,0,0,1,0,0,0,0,0
ACC2a_TTGGGCGCAGCTGCCA,5,1,1,1,1,1,0,1,1,1
ACC2a_GATTGGTAGGACAAGA,3,1,1,1,1,1,0,1,1,1
ACC1a_AATGGAAGTAAGATCA,3,1,1,1,1,1,0,1,1,1
ACC2a_AATCACGAGCGCTGAA,0,0,1,1,1,1,0,1,1,1
ACC2a_AGGCCACTCGCAATGT,12,1,1,1,1,1,0,1,1,1
ACC1a_TACTGCCTCAAGCTGT,1,1,1,1,1,1,0,1,1,1
ACC2a_TACCCACTCTGCCTGT,8,0,0,0,1,1,0,1,1,1
ACC2a_AAAGTCCAGCTGACTT,0,1,1,1,1,1,0,1,1,1
ACC2a_TGATCTTAGGTTCATC,5,1,1,1,1,1,0,1,1,1
ACC2a_TCATGTTCACGTAGAG,2,1,1,1,1,1,0,1,1,1
ACC2a_CGTAAGTTCAGGGTAG,0,1,1,1,1,1,0,1,1,1
ACC2a_TCATGTTTCTTAGCTT,5,1,1,1,1,1,0,1,1,1
ACC2a_GTAATCGAGAGGTATT,4,1,1,1,1,1,0,1,1,1
ACC2a_CTACCCACAAGCCCAC,0,1,1,1,1,1,0,1,1,1
ACC2a_CAACCAATCACAGAGG,1,1,1,1,1,1,0,1,1,1
ACC2a_AGTACCACAGAAGTGC,0,1,1,1,1,1,0,1,1,1
ACC2a_ACGTACATCGCCAATA,11,1,0,1,1,1,0,1,1,1
ACC2a_ACACAGTCAAGCAGGT,4,1,1,1,1,1,0,1,1,1
ACC2a_CTCTCAGAGGTCATCT,0,1,1,1,1,1,0,1,1,1
ACC2a_CATGCAACAACACACT,0,1,0,1,1,1,0,1,1,1
ACC2a_TCTTAGTCAATGTTGC,8,1,1,1,1,1,0,1,1,1
ACC2a_GTAAGTCAGTCCCAAT,11,1,1,1,1,1,0,1,1,1
ACC2a_CTACATTTCATCCCGT,8,1,1,1,0,1,0,0,0,0
ACC8b_TGGAGAGGTGCATGAG,9,1,1,1,1,1,0,1,1,1
ACA4_ACCCTCAAGGATACGC,0,1,1,1,1,1,0,1,1,1
ACC2a_CAGAGCCTCTACGCGG,5,0,1,1,1,1,0,1,1,1
ACC2a_GACTCTCGTCCTTAAG,4,1,1,1,1,1,0,1,1,1
ACC8a_AGTAGCTTCATGACAC,3,1,1,1,1,1,0,1,1,1
ACC2a_GGTGATTGTGTCCGTG,0,1,1,1,1,1,0,1,1,1
ACC2a_AGAGAATAGAAACTCA,0,1,1,1,1,1,0,1,1,1
ACC2a_GTAACACAGCAAGGAA,5,1,1,1,1,1,0,1,1,1
ACC2a_GTTACAGAGTTAGTGA,5,0,1,1,1,1,0,1,1,1
ACC2a_CTGAGGCGTTGTAGCT,4,1,1,1,0,1,0,1,1,1
ACC2a_GCATTAGTCAGCTGTA,0,0,1,1,1,1,0,1,1,1
ACC2a_TGCAGATGTCGTCTCT,3,1,1,1,1,1,0,1,1,1
ACC2a_TTGTGGACAGTCGAGA,10,1,1,1,1,1,0,1,1,1
ACC2a_CAAAGAATCTACGGTA,1,1,1,1,1,1,0,1,1,1
ACC2a_AGGGTTTAGCATTGTC,0,1,1,1,1,1,0,1,1,1
ACC2a_AGAGAGCAGAGCCTGA,5,1,1,1,1,1,0,1,1,1
ACC2a_TGTAAGCAGCAGGTCA,4,1,1,1,1,1,0,1,1,1
ACC2a_GGCTTTCAGGTGCTAG,3,1,1,1,1,1,0,1,1,1
ACC2a_AGGACGATCGGCCCAA,0,0,1,1,1,1,0,1,1,1
ACC2a_TTGATGGTCCACACAA,6,1,0,0,1,0,0,0,0,0
ACC2a_AGTAGCTGTGTGCCTG,0,1,1,1,1,1,0,1,1,1
ACC2a_CGCATAATCTCGTCGT,8,1,1,1,1,1,0,1,1,1
ACC2a_TGCTTCGTCCGGGACT,12,1,1,1,1,1,0,1,1,1
ACC2a_GTGTGGCGTCTCACAA,0,1,1,1,1,1,0,1,1,1
ACC2a_TCATGTTAGGATAATC,1,1,1,1,1,1,0,1,1,1
ACC2a_TACTGCCTCAGGTAAA,4,1,1,1,1,1,0,1,1,1
ACC2a_AGTAGTCAGCAGTACG,0,1,1,1,1,1,0,1,1,1
ACC2a_TCGGTCTCACTCCGGA,14,1,1,1,1,1,0,1,1,1
ACC2a_GATAGCTGTCCGTACG,2,1,1,1,0,0,0,1,0,0
ACA2_GCCCGAACAGGCATTT,1,1,1,1,1,1,0,1,1,1
ACC2a_TCAGGGCGTTCCTAAG,2,1,1,1,1,1,0,1,1,1
ACC2a_GAGTTGTGTAAGTTGA,0,1,1,1,1,1,0,1,1,1
ACC2a_AGAACAAAGCATCGAG,2,1,1,0,1,1,0,1,1,1
ACC2a_GCACGGTGTACCTATG,0,1,1,0,1,1,0,1,1,1
ACC1a_CGCCATTAGGTATAGT,0,1,1,0,1,1,0,1,1,1
ACA1_ATGTCCCGTGAGTGAC,3,1,1,1,1,1,0,1,1,1
ACC2a_GATCATGAGCATATGA,5,1,1,1,1,1,0,1,1,1
ACC2a_TTCCTTCTCACCGACG,11,1,1,1,1,1,0,1,1,1
ACC2a_CGGAATTAGTGGTTGG,3,1,1,1,1,1,0,1,1,1
ACC2a_CGTGATAAGGTAGCAC,10,1,1,1,1,1,0,1,1,1
ACC2a_CGATGGCTCACACCCT,7,1,0,1,0,1,0,0,1,0
ACC2a_CGGTCAGAGACATAAC,3,1,1,1,1,1,0,1,1,1
ACC2a_AACCAACGTACCTGTA,1,1,1,1,1,1,0,1,1,1
ACC2a_GGGTGTCAGCTCTGTA,1,1,1,1,1,1,0,1,1,1
ACC2a_ACTTAGGCAACACAGG,9,1,1,1,1,1,0,1,1,1
ACC2a_AGGGCTCGTGCTGATT,1,1,1,1,1,1,0,1,1,1
ACC2a_GATCACAGTGCCTAAT,8,1,1,1,1,1,0,1,1,1
ACC2a_GCTTGGGCACGTTGGC,6,1,1,1,1,1,0,1,1,1
ACC2a_TTTCGATTCGTCACCT,8,1,1,1,1,1,0,1,1,1
ACC8a_TGCGGGTCATAAGCAA,3,1,1,1,1,1,0,1,1,1
ACC2a_ATCGCCTCATAGAATG,10,1,1,1,1,1,0,1,1,1
ACA2_AGGACTTCAAAGGCTG,4,1,1,1,1,1,0,1,1,1
ACC2a_CGAGTTAGTCCAGTTA,2,0,1,1,1,1,0,1,1,1
ACC2a_TTCACCGGTGGGCTTC,1,1,1,1,1,1,0,1,1,1
ACC8b_TGCGACGGTTCCACAA,14,1,1,1,1,1,0,1,1,1
ACC2a_ATTCATCAGTCTAGCT,1,0,1,1,1,1,0,1,1,1
ACC2a_CTCCCAAGTGGAAATT,0,1,1,1,1,0,0,1,1,1
ACC2a_GATCGTACAACACTAC,1,1,1,1,1,1,0,1,1,1
NAd4_TCGACCTTCGGCTTGG,5,0,1,1,1,1,0,1,1,1
ACC2a_GTTACGACACTTCATT,6,1,1,1,1,1,0,1,1,1
ACC2a_ATTCCTACAAAGCTAA,0,1,1,1,1,1,0,1,1,1
ACC2a_GGTCTGGAGGTCGACA,8,1,1,1,1,1,0,1,1,1
ACC2a_CTCCTCCAGGGTAATT,5,1,1,1,1,1,0,1,1,1
ACC2a_GTCATCCGTAGAGGAA,3,1,1,1,1,1,0,1,1,1
ACC2a_GTTTACTGTCGACGCT,1,1,1,1,1,1,0,1,1,1
ACC2a_AGCGATTAGAAGAGCA,4,1,1,1,1,1,0,1,1,1
ACC2a_TGTTTGTGTCAATCTG,1,1,1,1,1,1,0,1,1,1
ACC2a_ACATCCCGTTGGGTAG,2,0,1,1,1,1,0,1,1,1
ACC2a_CTCTGGTTCTCTGGTC,1,1,1,1,1,1,0,1,1,1
ACC1a_GCTGAATGTCAGGTGA,2,1,1,0,1,1,0,1,1,1
ACC2a_GTCACTCGTTACCGTA,9,1,1,1,1,1,0,1,1,1
ACC2a_TTGTTTGGTCGCAGTC,1,1,1,1,1,1,0,1,1,1
ACC2a_TCACTATAGCGGTAAC,9,1,1,1,1,1,0,1,1,1
ACC2a_TTGAGTGTCAGCTCTC,0,1,1,1,1,1,0,1,1,1
ACC2a_CCAATGATCTGATTCT,2,0,1,1,1,1,0,1,1,1
ACC2a_TACACCCTCATGGTAC,3,1,1,1,1,1,0,1,1,1
ACC2a_TTGAGTGAGCGTGTTT,3,1,1,1,1,1,0,1,1,1
ACC2a_TGTTTGTAGCTCTTCC,6,1,1,1,1,1,0,1,1,1
ACC2a_AACCTTTCAAATCCCA,0,1,1,1,1,1,0,1,1,1
ACC2a_CCTCACATCGTAATGC,13,1,1,1,1,1,0,1,1,1
ACC2a_ACTTATCTCCAGCACG,11,1,1,1,1,1,0,1,1,1
ACC2a_CAGTGCGTCTGAGCAT,2,1,1,1,1,1,0,1,1,1
ACC2a_TGGGCTGAGCAGGCTA,1,1,0,1,1,1,0,1,1,1
ACC2a_CTCTGGTTCCTGGGAC,13,0,1,1,1,1,0,1,1,1
ACC2a_GTCCCATAGGCTGAAC,1,1,1,1,1,1,0,1,1,1
ACC2a_ATTACCTTCACGATCA,12,1,1,1,1,1,0,1,1,1
ACC2a_TTCCACGAGGGACTGT,2,1,1,1,1,1,0,1,1,1
ACC2a_ATTCTTGAGTCAGCCC,8,1,1,1,1,1,0,1,1,1
ACC2a_AGAAGTATCTACCCAC,6,1,1,1,1,1,0,1,1,1
ACC8b_GACCAATTCAGAACCT,14,1,1,1,1,1,0,1,1,1
ACC2a_CCCTAACCATCGGCCA,8,1,1,1,1,1,0,1,1,1
NAd4_TCCCAGTCACTTGTGA,4,1,1,1,1,1,0,1,1,1
ACC2a_ATCCCTGGTAAGTTAG,8,0,1,1,1,1,0,1,1,1
ACC2b_GAGTTTGTCGAGCCTG,0,0,1,1,0,1,0,1,1,1
ACC2a_GTGACGCCATCTAACG,1,1,1,1,1,1,0,1,1,1
ACA1_CTGCCATAGGGCTTCC,0,0,1,1,1,1,0,1,1,1
ACC2a_TGCGACGGTAGAGATT,2,1,1,1,1,1,0,1,1,1
ACC2a_ATCACAGTCTTCGGAA,2,1,1,1,1,1,0,1,1,1
ACC2a_TCAATTCGTGCACAAG,12,1,1,1,1,1,0,1,1,1
ACC2a_AGACCATGTACTCCCT,4,1,1,1,1,1,0,1,1,1
ACC2a_ACTGCAAAGGGAGGTG,0,1,1,1,1,1,0,1,1,1
ACC2a_TCATTGTAGACTGTTC,4,1,1,1,1,1,0,1,1,1
ACA4_CTATCTAGTTGACTGT,1,1,1,1,1,1,0,1,1,1
ACC2a_GTAGGTTCAGTGGTGA,4,1,1,1,1,1,0,1,1,1
ACC2a_TCATTTGAGCCAACCC,1,1,1,0,1,1,0,1,1,1
NAd4_CCTCAACAGAATCCCT,9,0,0,0,0,0,0,0,0,0
ACC2a_AAGTTCGTCGAACCTA,12,1,1,1,1,1,0,1,1,1
ACC2a_CAGATCATCGCACGGT,8,1,1,1,1,1,0,1,1,1
ACC2a_TTTACGTCAGCTTCGG,3,0,1,1,1,1,0,1,1,1
ACC2a_CAACAGTCAGCGTATT,3,1,1,1,1,1,0,1,1,1
ACC4_GTCCTCATCTCCGAGG,9,0,1,0,1,1,0,1,1,1
ACC2a_TCTGGCTAGAATTGCA,9,1,1,1,1,1,0,1,1,1
ACC2a_TACCTGCCACCATAAC,0,1,1,1,1,1,0,1,1,1
ACC8b_CAACCTCCAGGTGGAT,3,0,1,1,0,1,0,1,1,1
ACC2a_CTAGACAAGGTAAGTT,5,0,0,1,2,1,0,1,1,1
ACC2a_GAGACTTTCGGCATTA,3,1,1,1,1,1,0,1,1,1
ACC2a_GGTGAAGGTGTCTTGA,12,1,1,1,1,1,0,1,1,1
ACC8b_AGTTCGAGTATACCCA,0,1,1,1,1,1,0,1,1,1
ACC2a_TCTACATAGATGCTTC,3,1,1,1,1,1,0,1,1,1
ACC2a_AACCCAAGTTCTGACA,10,1,1,1,1,1,0,1,1,1
ACC2a_AGTACCATCGAAGGAC,6,1,1,1,1,1,0,1,1,1
ACC2a_TACGGTAGTGTTACTG,1,1,1,1,1,1,0,1,1,1
ACC2a_CCCGGAAGTCTCTCCA,10,0,1,1,1,1,0,1,1,1
ACC8a_GTCACGGAGTAGGATT,0,1,1,1,0,1,0,1,0,0
ACC2a_CGAATTGCAGCATTGT,6,1,1,1,1,1,0,1,1,1
ACC2a_ATGAGGGTCAGACATC,6,1,1,1,1,1,0,1,1,1
ACC2a_GGCACGTTCGGCTGTG,0,1,1,1,1,1,0,1,1,1
ACC2a_CACAGGCTCATAGAGA,7,1,1,1,1,1,0,1,1,1
ACC2a_CTGCATCGTGCAAGAC,0,0,1,1,1,1,0,1,1,1
ACC2a_GCCAGGTCATCAGCTA,12,1,1,1,1,1,0,1,1,1
ACC2a_GTAGGTTCAGTATTCG,7,1,1,1,1,1,0,1,1,1
ACC2a_CGGAGAATCAGTGTTG,12,1,1,1,1,1,0,1,1,1
ACC2a_GGATCTACAATCACGT,2,1,1,1,1,1,0,1,1,1
ACC2a_ATCGGATGTGTCGCTG,9,1,1,1,1,1,0,1,1,1
ACC2a_GCAGTTACATGTACGT,11,1,1,1,1,1,0,1,1,1
ACC2a_ACTTTGTTCTCTAGGA,1,1,1,1,1,1,0,1,1,1
ACC2a_TGTTCTAAGAACCGCA,1,1,1,1,1,1,0,1,1,1
ACC2a_GACAGCCGTAGATCCT,1,1,1,1,1,1,0,1,1,1
ACC2a_ATTCACTCAGCTTCCT,7,1,1,1,1,1,0,1,1,1
ACC2a_TTCAATCGTTCCTTGC,4,1,1,1,1,1,0,1,1,1
ACC2a_GCCATTCAGTGATAAC,9,1,1,1,1,1,0,1,1,1
ACC2a_CTCCCAAGTGTTCCAA,0,1,1,1,1,1,0,1,1,1
ACC2a_CGACAGCCATAAGCAA,12,1,1,1,1,1,0,1,1,1
ACA1_CTCAAGACAACCCTCT,0,1,1,1,1,1,0,1,1,1
ACC2a_GTTGAACTCTTACCAT,6,0,0,0,1,1,0,1,0,1
ACC2a_AGTTCGAGTGTTATCG,1,0,0,0,1,1,0,1,1,1
ACC2a_ACGTACAAGTCACGCC,1,1,1,1,1,1,0,1,1,1
ACC2a_ATCACAGAGGTCCCGT,8,1,1,1,1,1,0,1,1,1
ACC2a_CCGGACAGTGTATTCG,7,1,1,1,1,1,0,1,1,1
ACC2a_TCAGTGAAGAACTCCT,11,1,1,1,1,1,0,1,1,1
ACC2a_TCGACGGTCTAGTGTG,2,1,1,1,1,1,0,1,1,1
ACC2a_ACATGCAGTTCTTGTT,6,1,1,1,1,1,0,1,1,1
ACC2a_GTCCACTAGGTAGATT,5,1,1,1,1,1,0,1,1,1
ACC2a_ATTCAGGTCCGTGTCT,3,1,1,1,1,1,0,1,1,1
ACC2a_TAGTGCAAGATCGACG,2,1,1,1,1,1,0,1,1,1
ACC2a_TCAGTCCGTCCCTAAA,12,1,1,1,1,1,0,1,1,1
ACC2a_AGAACCTGTCAGGTAG,1,1,1,1,1,1,0,1,1,1
ACC2a_GTTCCGTGTGTAAATG,4,1,1,1,1,1,0,1,1,1
ACC2a_GGGTAGACATAGATCC,1,1,1,1,1,1,0,1,1,1
ACC2a_GATTGGTAGTAACCTC,0,1,1,1,1,1,0,1,1,1
ACC2a_CTTTCAACACGACAAG,0,0,1,0,0,1,0,1,1,0
ACC2a_AGCCAGCTCATAGAGA,2,1,1,1,1,1,0,1,1,1
ACC2a_TCGCTTGAGCTGGCTC,2,1,1,1,1,1,0,1,1,1
ACC2a_ATGAGTCCAAGCACAG,0,1,1,1,1,1,0,1,1,1
ACC2a_TGAGCATAGGGAACAA,1,1,1,1,1,1,0,1,1,1
ACC2a_ATCGTGAGTGGCACTC,11,0,1,1,1,1,0,1,1,1
ACC2a_ACGGAAGAGTTCATCG,6,1,1,1,1,1,0,0,1,1
ACC2a_CCTCATGGTGGCGTAA,1,1,1,1,1,1,0,1,1,1
ACC2a_ATCTCTAGTTCTCCCA,0,1,1,1,0,1,0,1,1,1
ACC2a_GTCTACCTCAAGTCTG,4,1,1,1,1,1,0,1,1,1
NAd3_AATCGACGTTAAGTCC,7,1,1,1,1,1,0,1,1,1
ACC2a_CCTGCATTCCGTCACT,5,1,1,1,1,1,0,1,1,1
ACC2a_TTCTGTACATACAGCT,0,1,1,1,1,1,0,1,1,1
ACC2a_GATGCTAGTTTCTTAC,8,1,1,1,1,1,0,1,1,1
ACC2a_TTCTTGAGTCGCCTAG,2,1,1,1,1,1,0,1,1,1
ACC2a_GTAATGCTCAACGTGT,5,1,1,1,1,1,0,0,1,1
ACC2a_AGCCAATCAACTCCCT,2,1,1,1,1,1,0,1,1,1
ACC2a_AAAGGGCTCAAGCCTA,6,1,1,1,1,1,0,1,1,1
ACC2a_ATTTCTGAGATAGGGA,0,1,1,1,1,1,0,1,1,1
ACC2a_GATCCCTGTCCCAAAT,4,1,1,1,1,1,0,1,1,1
ACC2a_GGTCTGGCATGTGTCA,0,1,1,1,1,1,0,1,1,1
ACC2a_TTACGCCAGTGTACAA,4,1,1,0,1,1,0,1,1,1
ACC2a_CCGTAGGGTACATACC,1,1,1,1,1,1,0,1,1,1
ACC2a_CATACTTGTGCCCACA,9,1,1,1,1,1,0,1,1,1
ACC2a_TACCCGTCACATTCGA,7,1,0,1,1,1,0,0,0,0
ACC2a_CGCATAAAGACCTCCG,1,1,1,1,1,1,0,1,1,1
ACC2a_TCCTAATTCTATCGTT,8,1,1,1,1,1,0,1,1,1
ACC2a_ACGGTCGCATGGGTCC,1,0,1,1,1,1,0,0,0,0
ACC2a_CGAAGGAAGAATAACC,0,1,1,1,1,1,0,1,1,1
ACC2a_GTGTTCCGTCGAGTGA,1,1,1,1,1,1,0,1,1,1
ACC8b_ATTTCACTCACTACTT,0,1,1,1,1,1,0,1,1,1
ACC2a_AGTGATCGTCTACGTA,8,1,1,1,1,1,0,1,1,1
ACA4_AGCTCAATCCATTGCC,5,1,1,1,1,1,0,1,1,1
ACC2a_ACTGCAATCCAACCGG,5,1,1,1,1,1,0,1,1,1
ACC2a_ATGAGTCTCGGACTGC,9,1,1,1,1,1,0,1,1,1
ACC2a_AATCGTGAGACGGATC,0,1,1,1,1,1,0,1,1,1
ACC1a_ACAAAGACAAGTGGGT,9,1,1,1,1,1,0,1,1,1
ACC2a_GTGTTCCTCCTGCTAC,3,1,1,1,1,1,0,1,1,1
ACC2a_GTTATGGTCGGATACT,6,1,1,1,1,1,0,1,1,1
ACC2a_TTCTCTCTCGGCTATA,9,1,1,1,1,0,0,1,1,0
ACC2a_GGGCTCATCAAACGAA,0,1,1,1,1,1,0,1,1,1
ACC2a_GGGTGTCCAACAGATA,7,1,0,1,1,1,0,1,1,1
ACC2a_ACGGGTCAGACCAGAC,3,1,1,1,1,1,0,1,1,1
ACC2a_AGTGATCTCAGCACCG,3,1,1,1,1,1,0,1,1,1
ACC2a_GCTGCAGCATCATTTC,9,0,1,1,1,1,0,1,1,1
ACC2a_GGGCGTTCACTACCGG,4,1,1,1,1,1,0,1,1,1
ACC2a_TAAGCCATCCCTCTCC,9,1,1,1,1,1,0,1,1,1
ACC2a_CACTAAGGTTGGGACA,1,1,1,1,1,1,0,1,1,1
ACC2a_TCATGCCGTCCCGTGA,1,1,1,1,1,1,0,1,1,1
ACC2a_ATGGTTGGTCCAGCCA,11,1,1,1,1,1,0,1,1,1
ACC2a_CGTTAGACAGATTTCG,0,1,1,1,1,1,0,1,1,1
ACC2a_CATCCGTGTCATCCGG,3,0,0,1,1,1,0,1,1,1
ACC2a_GACATCATCTCCATAT,5,2,1,1,1,1,0,1,1,1
ACC2a_AGGGTGACAAGCGCTC,0,1,1,1,1,1,0,1,1,1
ACC2a_CAATACGGTACGGCAA,4,1,1,1,1,1,0,1,1,1
ACA2_ACGTACAGTGGTAATA,12,1,1,1,1,1,0,1,1,1
ACC2a_TCGATTTTCGCTACAA,2,1,1,0,1,1,0,1,1,1
ACC2a_CAGATTGGTTGCCGCA,6,1,1,1,1,1,0,1,1,1
ACC2a_TCAGCCTAGCAAGCCA,6,1,1,1,1,1,0,1,1,1
ACC2a_AAGCATCCAACAGCTT,1,1,1,1,1,1,0,1,1,1
ACC2a_CCGAACGAGCTGAAGC,1,1,1,1,1,1,0,1,1,1
ACC2a_TCCCAGTCATCTAACG,6,1,1,1,1,1,0,1,1,1
ACC2a_GTTCTATCATGTCGTA,3,1,1,1,1,1,0,1,1,1
ACC2a_ATGCATGAGACGTCCC,11,1,1,1,1,1,0,1,1,1
ACC2a_AGTAACCGTCAAAGCG,0,1,1,1,1,1,0,1,1,1
ACC2a_AGAAATGAGAGTTCGG,0,1,1,1,1,1,0,1,1,1
ACC2a_CATAGACGTCTGTAAC,6,1,1,1,1,1,0,1,1,1
ACC8b_CGCATAAGTCACATTG,1,1,1,1,1,1,0,1,1,1
ACC2a_AATCACGGTGCTAGCC,2,1,1,1,1,1,0,1,1,1
ACC8b_AATCGTGAGTATAGGT,5,1,1,1,1,1,0,1,1,1
ACC2a_CCAATTTGTTGCATAC,8,2,0,0,1,0,0,0,0,0
ACC2a_TCAGTGAAGGTTCAGG,5,1,1,1,1,1,0,1,1,1
ACC2a_CGAGAAGGTCTCTCAC,1,1,1,1,1,1,0,1,1,1
ACC2a_ACGATGTAGATGACAT,7,1,1,1,1,1,0,1,1,1
ACC2a_GCACTAAAGTGAGTGC,4,1,1,0,1,1,0,1,1,1
ACC2a_TTGTGTTGTTTAGAGA,2,1,1,1,1,1,0,1,1,1
ACC2a_AGAAGCGCACTTCAGA,8,1,0,1,1,1,0,1,1,1
ACC2a_ATCGCCTGTGTCGCTG,0,1,1,1,1,1,0,1,1,1
ACC2a_TTTGGAGGTAACACCT,5,1,1,1,1,1,0,1,1,1
ACC2a_TTCCAATAGGTCGTAG,9,0,1,1,0,0,0,0,0,0
ACC2a_AGTCACAGTCTTGTCC,1,0,1,1,1,1,0,1,1,1
ACC2a_TGGTAGTTCCACCTGT,5,1,1,1,1,1,0,1,1,1
ACC2a_AGTAGCTGTAAGATCA,6,1,1,1,1,1,0,1,1,1
ACC2a_ATCGATGAGCTAATGA,5,1,1,1,0,1,0,1,1,1
ACC2a_GATTGGTGTCGGAAAC,4,1,1,1,1,1,0,1,1,1
ACC2a_CTATCTACACTATGTG,6,1,0,1,1,1,0,1,1,1
ACC2a_GTTGTAGTCACTGCTC,5,1,1,0,1,1,0,1,1,1
ACC8b_CATTCTATCGCTGACG,9,1,1,1,1,1,0,1,1,1
ACC2a_GGTGATTCAATGCAGG,1,1,1,1,1,1,0,1,1,1
PBMAH4_CGGAACCAGCGTATGG,9,1,1,1,1,1,0,1,1,1
ACC2a_CGAGGCTTCACTTGGA,8,1,0,1,1,1,0,1,1,1
ACC2a_TTACGCCGTGGACAGT,2,1,1,1,1,1,0,1,1,1
ACC2a_CACTGTCCACACGGTC,6,1,1,1,1,1,0,1,1,1
ACC2a_GCGGATCAGAGGTATT,14,1,1,1,1,1,0,1,1,1
ACC2a_AAGCATCAGCTCAGAG,1,1,1,1,1,1,0,1,1,1
ACC2a_GATTCTTAGACTAAGT,7,1,1,1,1,1,0,1,1,1
ACC2a_CGAGGAAAGGGTAATT,0,1,1,1,1,1,0,1,1,1
ACC2a_GTCACTCAGACCAAAT,1,1,1,1,1,1,0,1,1,1
ACC2a_CACCAAATCTCGTGAA,3,1,1,1,1,1,0,1,1,1
ACC2a_ATCCTATCAATGAACA,7,1,1,1,1,1,0,1,1,1
ACC8b_TTTCAGTCAGTTTCGA,0,1,1,1,1,1,0,1,1,1
ACC2a_GACGTTAAGGGCAATC,12,1,1,1,1,1,0,1,1,1
ACC2a_TCGCAGGCAATTGCGT,4,1,1,1,1,1,0,1,1,1
ACC2a_AGCCAGCAGAAAGTCT,0,1,1,1,1,1,0,1,1,1
ACC2a_AGTAGCTTCACTGGTA,0,1,1,1,1,1,0,1,1,1
ACC2a_TGGGAAGCATCGATGT,9,1,1,1,1,1,0,1,1,1
ACC2a_AAGCATCCACAGTCGC,14,1,1,1,1,1,0,1,1,1
ACC2b_ATGTCCCCAGTCTACA,12,0,0,0,0,1,0,1,1,1
ACC2a_TACCGAATCTTCTTCC,0,0,1,0,1,1,0,1,1,1
ACC2a_AATCGTGAGGACAACC,3,1,1,1,1,1,0,1,1,1
ACC2a_GGGTCACGTGACTCGC,0,1,1,1,1,1,0,1,1,1
ACC2a_GTTCATTTCTTTCGAT,2,1,1,1,1,1,0,1,1,1
ACC2a_AGACAGGTCGTTCCCA,5,1,1,1,1,1,0,1,1,1
ACC2a_AGGACTTTCTAGCAAC,0,1,1,1,1,1,0,1,1,1
ACC2a_CAATGACCATTGGCAT,4,0,1,1,1,1,0,1,1,1
ACC2a_CTATCTAGTACTGACT,12,1,1,1,1,1,0,1,1,1
ACC2a_ATCTCTATCCATTCGC,6,1,1,1,1,1,0,1,1,1
ACC2a_GAATAGAAGGGTACGT,7,0,1,1,1,1,0,1,1,0
ACC2a_CCTTGTGTCCGTGTAA,5,1,1,1,0,1,0,1,1,1
ACC2a_TCATTTGGTCTTCTAT,5,1,1,1,1,1,0,1,1,1
ACC2a_TCTTAGTGTTAGCTAC,1,1,1,1,1,1,0,1,1,1
ACC2a_GGTAATCTCGCTGCGA,6,1,1,1,0,1,0,0,0,0
ACC2a_CATCCACAGGCTCTAT,6,1,0,1,0,0,0,0,0,0
ACC2b_TTAGGGTTCTGAGGCC,10,1,0,0,0,1,0,1,1,1
ACC17_ATACCTTTCGCACGAC,3,0,1,0,1,0,0,0,0,0
ACC15_CAAGAGGGTTCGGCTG,2,0,0,0,0,0,0,0,0,0
ACC16_AGCGATTTCAACACCA,0,0,2,0,0,2,0,0,0,0
ACC9_CATGGTAAGAGTTGTA,0,0,0,0,0,0,0,0,0,0
ACC9_AGGAAATCAGACCTGC,9,0,0,0,0,1,0,0,0,0
ACC17_AAGACTCTCCTTCTAA,0,0,1,1,1,1,0,1,0,1
ACC9_CAACGGCGTACGAGCA,1,0,0,0,0,0,0,0,0,0
ACC2b_GCATCGGCAATGGCCC,9,0,1,1,1,1,0,1,1,1
ACC16_TCGGGCAGTGGATACG,12,0,2,0,0,2,0,0,0,0
ACC9_CACGTTCAGGATACAT,5,0,1,0,0,0,0,0,0,0
ACC16_AGGTTACGTAACTGCT,0,0,2,0,0,2,0,0,0,0
ACC9_CTGTGAAGTGAATATG,1,0,0,0,0,0,0,0,0,0
ACC9_AGGATAATCGAGCACC,10,0,0,0,0,0,0,0,0,0
ACC9_TATTGGGTCGCGTCGA,2,0,0,0,0,0,0,0,0,0
ACC9_TCGCTTGGTGAAGCTG,3,0,0,0,0,0,0,0,0,0
ACC9_TTGGTTTGTCCACTTC,0,0,2,0,0,0,0,0,0,0
ACC16_CAAGGGACAAGCCTGC,4,0,2,0,0,2,0,0,0,0
ACC2b_TATTCCAAGACCATAA,0,1,0,1,1,1,0,1,1,1
ACC9_TTGATGGGTCAAGCGA,1,0,0,0,0,0,0,0,0,0
ACC16_GTCGCGATCCACAGCG,9,0,0,0,0,0,0,0,0,0
ACC16_ATAGACCCAGCCGTTG,8,0,0,0,0,0,0,0,0,0
ACC15_CGTAGTAAGCTGACAG,3,0,0,0,0,0,0,0,0,0
ACC16_GTCGTAAGTAATTAGG,14,0,0,0,0,0,0,0,0,0
ACC16_TCAATCTCACGGTGTC,9,0,0,0,0,0,0,0,0,0
ACC16_TTCATTGGTGTGAGCA,2,2,2,0,0,2,0,0,0,0
ACC9_GACTTCCAGCAGCAGT,9,0,0,0,0,0,0,0,0,0
ACC2b_CTGTAGATCCATTTCA,1,0,0,0,0,2,0,0,1,0
ACC15_AGGTGTTCATTATGCG,1,0,0,0,0,0,0,0,0,0
ACC16_CTGAATGAGCAAATGT,8,1,0,1,1,1,0,0,1,0
ACC16_CACGTGGCACAACGTT,9,0,0,0,0,0,0,0,0,0
ACC16_TACTTGTAGCTCATAC,2,0,0,0,0,0,0,0,0,0
ACC2a_TCAAGCACACTCAAGT,11,1,1,1,1,1,0,1,1,1
ACC16_ATGGGAGTCAGACATC,9,0,2,0,0,2,0,0,0,0
ACC16_AATGAAGTCTGAGAGG,2,1,0,0,0,2,0,0,0,0
ACC9_GCCATTCTCGATTGAC,11,0,0,0,0,0,0,0,0,0
ACC9_GCTTCACAGCGACATG,10,2,2,2,0,2,0,2,0,0
ACC17_CGGCAGTCATAACCCA,0,1,1,1,1,1,0,1,1,1
ACC16_TTGCGTCCATTGCTGA,3,0,0,0,0,0,0,0,0,0
ACC15_ACAAGCTCAGCTTTGA,1,0,0,0,0,0,0,0,0,0
ACC2b_CGTAAGTTCAGACAAA,7,0,1,0,1,1,0,1,1,1
ACC9_CTTCGGTCAACCACGC,2,0,0,0,0,0,0,0,0,0
ACC16_GGAGGATTCATGCCCT,14,2,2,2,2,2,1,2,2,2
ACC17_GTTGTGATCCGAGATT,2,0,1,0,0,0,0,0,0,0
ACC17_TGTGATGGTCGCATCG,9,0,1,1,1,1,0,1,1,1
ACC17_AATAGAGAGACTGTTC,13,0,1,1,1,0,0,1,1,1
ACC15_TTAGTCTGTATGCGGA,9,0,0,0,0,0,0,0,0,0
ACC16_ATGCATGAGACGACGT,1,0,0,0,0,0,0,0,0,0
ACC16_ACTGCAATCCCTATTA,4,2,2,0,2,2,0,2,2,0
ACC16_CACTTCGGTGGCACTC,1,0,0,0,0,0,0,0,0,0
ACC16_GACACGCAGGACATCG,0,0,0,0,0,0,0,0,0,0
ACC2b_CTAACTTTCCCTCTAG,0,0,1,0,1,1,0,0,0,0
ACC16_ATACCTTAGCATAGGC,6,0,2,0,0,2,0,0,0,0
ACC9_ATAGAGACATGTTTGG,0,2,1,1,1,1,0,1,1,1
ACC9_CGAGAAGCACGGTGCT,0,0,0,0,0,0,0,0,0,0
ACC16_AAAGGATAGACAACTA,0,0,1,0,0,0,0,0,0,0
ACC9_CAACAGTCAGACGCTC,2,0,0,0,0,1,0,0,1,0
ACC17_CGGAATTGTGAGGCAT,1,1,1,1,1,1,0,1,1,1
ACC9_GTAGAGGGTATGGTTC,0,0,0,0,0,0,0,0,0,0
ACC9_CTAACTTCAGGTGAGT,2,0,1,0,0,2,0,0,0,0
ACC9_TTCTAGTTCTGAGATC,7,0,0,0,1,0,0,0,0,0
ACC2b_ATCGTAGTCTCCCAAC,2,0,1,1,0,1,0,1,0,0
ACC2b_CCCTCTCAGGCTTTCA,9,0,0,0,1,1,0,1,0,0
ACC9_ACCTACCGTGATTGGG,1,0,0,0,0,0,0,0,0,0
ACC16_CTCACTGGTCGGATTT,5,0,0,0,0,0,0,0,0,0
ACC16_CGAAGTTTCTAGAACC,0,0,0,0,0,0,0,0,0,0
ACC16_TGACAGTCACTATCCC,10,0,0,0,0,0,0,0,0,0
ACC9_TCGACCTTCAAAGGTA,0,0,1,0,0,0,0,0,0,0
ACC16_GAGCTGCGTTGATGTC,8,2,2,0,0,2,0,0,0,0
ACC9_TCTAACTCAAACGAGC,7,0,0,0,0,0,0,0,0,0
ACC15_GATGATCCACTCGATA,4,0,0,0,0,0,0,0,0,0
ACC9_CAAGACTCATGACTTG,0,0,0,0,1,1,0,1,1,1
ACC9_TAACTTCAGACCATGG,13,2,1,1,1,1,0,1,1,1
ACC16_CGCGTGACAGTGAGCA,2,2,0,2,0,2,0,0,0,0
ACC16_GTTGTAGAGCGTGAGT,2,0,2,0,0,2,0,0,0,0
ACC16_GACTGATTCCGATCGG,6,0,0,0,0,0,0,0,0,0
ACC2b_TGTTCATAGTGGCGAT,12,1,0,0,1,0,0,0,0,0
ACC16_ACGTAACCAATTGCTG,11,0,0,0,0,0,0,0,0,0
ACC16_GTCCACTTCCTTATAC,13,0,2,0,0,2,0,0,0,0
ACC16_GACTATGCAAGATGTA,3,2,2,0,0,2,0,0,0,0
ACA5_AACGGGAGTCTCACAA,8,0,1,1,0,1,0,0,0,0
ACC16_GTGCTTCTCCAGCCTT,7,0,0,0,0,0,0,0,0,0
ACC13_CACTGTCCAGCAGGAT,0,2,2,2,2,2,1,2,2,2
ACC16_GAACACTTCAACTTTC,0,2,2,2,0,2,0,0,0,0
ACC9_TGAGCATGTCATAAAG,7,0,0,0,0,0,0,0,0,0
ACC16_AATGGCTTCTGGGCGT,2,1,2,0,0,2,0,0,0,0
ACC2b_TTCGGTCCAGGGCTTC,9,0,0,0,0,0,0,0,0,0
ACC16_ATCACGAGTGGCCCAT,0,0,0,0,0,2,0,0,0,0
ACC16_AAAGAACGTTTGGGTT,5,0,2,0,0,2,0,0,0,0
ACC15_TTCGATTGTTTGAAAG,6,0,0,0,0,0,0,0,0,0
ACC15_AATTTCCCACTTCAAG,10,0,0,0,0,0,0,0,0,0
ACC12_CTGATCCCAGAGAATT,1,2,2,2,2,2,1,2,2,2
ACC16_TGCATGAGTAGAATAC,8,2,2,0,0,2,0,0,0,0
ACC16_GTTAGACTCCGTGACG,8,1,2,0,0,2,0,0,0,0
ACC9_TACCCACTCATGCCGG,10,0,0,1,0,0,0,0,0,0
ACC9_AACCTGAAGCGATGAC,7,0,0,1,0,0,0,1,1,0
ACC16_ACTTATCTCTCAGTCC,10,0,0,0,0,2,0,0,0,0
ACC16_ATCGCCTCAGTTTGGT,2,0,2,2,0,2,0,0,0,0
ACC16_CCACAAAAGCGGTAGT,5,0,0,0,0,0,0,0,0,0
ACC16_GAGTGAGAGATTGTGA,9,0,2,2,0,2,0,0,0,0
ACC16_TGACCCTAGATCCCAT,7,2,2,2,0,2,0,0,0,0
ACC15_CAGGCCAGTGGATACG,1,0,0,0,0,0,0,0,0,0
ACC9_GTCTAGACAGCTACTA,9,1,0,0,0,0,0,0,0,0
ACC7_CTACGGGAGGCCTGAA,0,1,0,0,0,1,0,0,1,1
ACC15_GAAGTAAGTGCGACAA,2,0,1,0,0,0,0,0,0,0
ACC16_TTTCCTCTCGACATAC,4,0,2,0,0,2,0,0,0,0
ACC9_TGCGATAAGTACAACA,6,0,0,0,0,0,0,0,0,0
ACC9_CTCGAGGTCCTGTTAT,2,0,0,0,0,0,0,0,0,0
ACC16_TTGGGCGAGTTCCTGA,0,1,0,0,0,2,0,0,0,0
ACC16_TTCTCTCCACTCGATA,2,0,2,0,0,2,0,0,0,0
ACC2b_CTATCTAGTAGCGCCT,2,0,1,1,1,1,0,1,1,1
ACC16_GGTCACGGTAATGATG,4,0,2,0,0,2,0,0,0,0
ACC16_GATCACAAGACCAGCA,4,2,2,0,2,2,0,0,0,2
ACC9_ACCTACCTCAATCCGA,0,0,0,0,0,0,0,0,0,0
ACC16_TATCCTATCTACTTCA,7,0,0,0,0,2,0,0,0,0
ACC2b_GGTCACGAGTAACCTC,4,1,0,0,1,1,0,1,1,1
ACC7_CCGATCTCAGGCAATG,7,0,0,0,0,0,0,0,0,0
ACC9_ATCACGAGTGTATCCA,6,1,1,1,1,0,0,0,0,0
ACC9_GTAGGTTTCCACAAGT,4,0,0,0,0,0,0,0,0,0
ACC16_CAGTGCGAGATGAATC,0,2,2,2,0,2,0,0,0,0
ACC16_GTATTTCGTGGACCAA,1,0,0,1,0,1,0,0,1,0
ACC2b_TACCTCGGTACGTACT,3,0,1,1,0,0,0,0,0,0
ACC17_AGGACGATCCGGCTTT,0,0,0,0,0,0,0,0,0,0
ACC9_GGATCTAGTGCGACAA,2,1,0,1,1,1,0,1,0,1
ACC2b_TGGCGTGCAGCACAGA,9,0,0,0,0,0,0,0,0,0
ACC9_GGAATCTTCAGCTAGT,0,0,0,0,0,0,0,0,0,0
ACC17_AGTACTGTCATCACTT,0,0,1,1,1,1,0,1,1,1
ACC16_TCCACGTAGGAAACGA,0,2,2,2,2,2,0,0,0,0
ACC17_TCATGAGGTACTAGCT,0,0,0,1,1,1,0,1,1,1
ACC17_CTTCGGTTCACGAACT,6,0,0,1,1,0,0,0,0,0
ACC9_GAGGGATCAAAGACGC,1,0,0,0,0,0,0,0,0,0
ACC2b_AACCTGAAGACAGCGT,3,1,1,0,0,1,0,1,1,1
ACC15_CAGCACGGTGTTCGAT,0,0,0,0,0,0,0,0,0,0
ACC9_AGATGCTGTGGCGCTT,11,0,0,0,0,0,0,0,0,0
ACC15_ACACAGTAGGTCCCTG,0,0,0,0,0,0,0,0,0,0
ACC16_AGGTTGTTCCTGGTCT,10,0,0,0,0,0,0,0,0,0
ACC9_TATCTGTAGCCAACCC,0,1,0,1,0,1,0,0,1,0
ACC17_TAACACGCACTTGGCG,4,0,0,0,0,0,0,0,0,0
ACC2b_AGGCCACTCGCTAAAC,0,0,0,0,0,0,0,0,0,0
